-- MySQL dump 10.13  Distrib 5.7.18, for Win32 (AMD64)
--
-- Host: localhost    Database: bd_entrenamiento
-- ------------------------------------------------------
-- Server version	5.7.18-log

/*!40101 SET @OLD_CHARACTER_SET_CLIENT=@@CHARACTER_SET_CLIENT */;
/*!40101 SET @OLD_CHARACTER_SET_RESULTS=@@CHARACTER_SET_RESULTS */;
/*!40101 SET @OLD_COLLATION_CONNECTION=@@COLLATION_CONNECTION */;
/*!40101 SET NAMES utf8 */;
/*!40103 SET @OLD_TIME_ZONE=@@TIME_ZONE */;
/*!40103 SET TIME_ZONE='+00:00' */;
/*!40014 SET @OLD_UNIQUE_CHECKS=@@UNIQUE_CHECKS, UNIQUE_CHECKS=0 */;
/*!40014 SET @OLD_FOREIGN_KEY_CHECKS=@@FOREIGN_KEY_CHECKS, FOREIGN_KEY_CHECKS=0 */;
/*!40101 SET @OLD_SQL_MODE=@@SQL_MODE, SQL_MODE='NO_AUTO_VALUE_ON_ZERO' */;
/*!40111 SET @OLD_SQL_NOTES=@@SQL_NOTES, SQL_NOTES=0 */;

--
-- Table structure for table `cargos`
--

DROP TABLE IF EXISTS `cargos`;
/*!40101 SET @saved_cs_client     = @@character_set_client */;
/*!40101 SET character_set_client = utf8 */;
CREATE TABLE `cargos` (
  `CargoNo` smallint(6) NOT NULL COMMENT 'Id del cargo',
  `Nombre` varchar(40) NOT NULL COMMENT 'Nombre del cargo',
  PRIMARY KEY (`CargoNo`)
) ENGINE=InnoDB DEFAULT CHARSET=latin1;
/*!40101 SET character_set_client = @saved_cs_client */;

--
-- Dumping data for table `cargos`
--

LOCK TABLES `cargos` WRITE;
/*!40000 ALTER TABLE `cargos` DISABLE KEYS */;
INSERT INTO `cargos` VALUES (1,'Administrador'),(2,'Gerente'),(3,'Coordinador Calidad'),(4,'Coordinador Seguridad'),(5,'Analista'),(6,'Contratista Permanente'),(7,'Contratista Temporal');
/*!40000 ALTER TABLE `cargos` ENABLE KEYS */;
UNLOCK TABLES;

--
-- Table structure for table `pruebas`
--

DROP TABLE IF EXISTS `pruebas`;
/*!40101 SET @saved_cs_client     = @@character_set_client */;
/*!40101 SET character_set_client = utf8 */;
CREATE TABLE `pruebas` (
  `PruebaID` varchar(10) NOT NULL COMMENT 'ID de la prueba',
  `TipoPruebaID` smallint(6) NOT NULL COMMENT 'ID del tipo de prueba proveniente de la tabla Tipo_Pruebas',
  `Nombre` varchar(150) NOT NULL COMMENT 'Nombre de la prueba',
  `Descripcion` varchar(150) NOT NULL COMMENT 'Descripcion de la prueba',
  `Frecuencia` varchar(30) DEFAULT NULL COMMENT 'Frecuencia de realizacion de la prueba',
  `Activa` tinyint(1) NOT NULL DEFAULT '1',
  PRIMARY KEY (`PruebaID`),
  KEY `fk_TipPru` (`TipoPruebaID`),
  CONSTRAINT `fk_TipPru` FOREIGN KEY (`TipoPruebaID`) REFERENCES `tipo_pruebas` (`TipoPruebaID`)
) ENGINE=InnoDB DEFAULT CHARSET=latin1;
/*!40101 SET character_set_client = @saved_cs_client */;

--
-- Dumping data for table `pruebas`
--

LOCK TABLES `pruebas` WRITE;
/*!40000 ALTER TABLE `pruebas` DISABLE KEYS */;
INSERT INTO `pruebas` VALUES ('01',3,'MANEJO MUESTRAS ACEITE EN SERVICIO ','MANEJO MUESTRAS ACEITE EN SERVICIO ','2 YEAR',1),('02',3,'VALIDACION DE METODOS','VALIDACION DE METODOS','2 YEAR',1),('03',3,'MANEJO INTERNO DE QUEJAS Y RECLAMOS','MANEJO INTERNO DE QUEJAS Y RECLAMOS','2 YEAR',1),('04',3,'MANEJO DE PRODUCTOS FUERA DE ESPECIFICACIONES','MANEJO DE PRODUCTOS FUERA DE ESPECIFICACIONES','2 YEAR',1),('05',3,'MANEJO Y DISPOSICION DE RESIDUOS DEL LABORATORIO','MANEJO Y DISPOSICION DE RESIDUOS DEL LABORATORIO','2 YEAR',1),('06',3,'ASEGURAMIENTO METROLÓGICO','ASEGURAMIENTO METROLÓGICO','2 YEAR',1),('08',3,'GENERACION DE INDICADORES DE GESTION','GENERACION DE INDICADORES DE GESTION','2 YEAR',1),('09',3,'GRAFICOS DE CONTROL Y TENDENCIA','GRAFICOS DE CONTROL Y TENDENCIA','2 YEAR',1),('10',3,'MANEJO DE LA DOCUMENTACION Y ARCHIVO','MANEJO DE LA DOCUMENTACION Y ARCHIVO','2 YEAR',1),('11',3,'ADMINISTRACION DE SDS','ADMINISTRACION DE SDS','2 YEAR',1),('12',3,'PRUEBAS DE DESEMPEÑO DEL LABORATORIO','PRUEBAS DE DESEMPEÑO DEL LABORATORIO','2 YEAR',1),('15',3,'SAFETY AND SECURITY','SAFETY AND SECURITY','2 YEAR',1),('16.06',2,'Densidad/Gravedad Especifica (TABLAS)','Densidad/Gravedad Especifica (TABLAS)','2 YEAR',1),('16.1',2,'Dilución por Combustibles','Dilución por Combustibles','2 YEAR',1),('16.1.1',2,'Viscosidad Cinemática Combustibles','Viscosidad Cinemática Combustibles','2 YEAR',1),('16.1.3',2,'Viscosidad Cinematica Canon','Viscosidad Cinematica Canon','2 YEAR',1),('16.11',2,'Humedad','Humedad','2 YEAR',1),('16.12',2,'PQM','PQM','2 YEAR',1),('16.13',2,'ULTRACENTRIGUFA','ULTRACENTRIGUFA','1 YEAR',1),('16.16.1',2,'Determinacion de Agua por Karl fischer Equipo Mettler','Determinacion de Agua por Karl fischer Equipo Mettler','2 YEAR',1),('16.16.2',2,'Determinacion de Agua por Karl fischer Equipo Metrohm','Determinacion de Agua por Karl fischer Equipo Metrohm','2 YEAR',1),('16.17',2,'Apariencia en Lubricantes','Apariencia en Lubricantes','1 YEAR',1),('16.18',2,'Corrosión al Cobre','Corrosión al Cobre','1 YEAR',1),('16.2',2,'Pour Point','Pour Point','2 YEAR',1),('16.22',2,'Agua Plancha','Agua Plancha','1 YEAR',1),('16.23',2,'API /Densidad Aerometro','API /Densidad Aerometro','2 YEAR',1),('16.24',2,'Cloud Point','Cloud Point','2 YEAR',1),('16.27.03',2,'Conteo Particulas HIAC HRLD 100/HC','Conteo Particulas HIAC HRLD 100/HC','2 YEAR',1),('16.27.04',2,'Conteo de particulas diluido','Conteo de particulas diluido','2 YEAR',1),('16.29.2',2,'IR SPECTRUM ONE','IR SPECTRUM ONE','2 YEAR',1),('16.3',2,'TBN 4739','TBN 4739','2 YEAR',1),('16.37',2,'Acidez','Acidez','1 YEAR',1),('16.38',2,'Cromatografia  clasica, aromaticos','Cromatografia  clasica, aromaticos','1 YEAR',1),('16.39',2,'Espectormetria rayos X','Espectormetria rayos X','2 YEAR',1),('16.4',2,'Quimiometria','Quimiometria','2 YEAR',1),('16.40',2,'Prueba Doctor ','Prueba Doctor ','1 YEAR',1),('16.41',2,'Destilación ','Destilación ','1 YEAR',1),('16.42',2,'Flash point copa cerrada','Flash point copa cerrada','2 YEAR',1),('16.43',2,'Punto de congelación','Punto de congelación','1 YEAR',1),('16.44',2,'Calor Neto de Combustion','Calor Neto de Combustion','2 YEAR',1),('16.45',2,'Punto de Humo','Punto de Humo','1 YEAR',1),('16.46',2,'Naftalenos','Naftalenos','2 YEAR',1),('16.47',2,'Estabilidad Termica','Estabilidad Termica','1 YEAR',1),('16.48',2,'Gomas Existentes','Gomas Existentes','2 YEAR',1),('16.49',2,'Reaccion con agua','Reaccion con agua','1 YEAR',1),('16.5',2,'Coalescence, MSEP rating','Coalescence, MSEP rating','2 YEAR',1),('16.51',2,'Presion de vapor REID','Presion de vapor REID','2 YEAR',0),('16.52',2,'Contaminantes Particulados (Millipore)','Contaminantes Particulados (Millipore)','2 YEAR',0),('16.56',2,'Determinación de Esteres Metilicos  por IR','Determinación de Esteres Metilicos  por IR','2 YEAR',1),('16.59',2,'Emision por plasma','Emision por plasma','2 YEAR',1),('16.61',2,'APARIENCIA/Olor comercial/Color visual/ Agua Decantación','APARIENCIA/Olor comercial/Color visual/ Agua Decantación','1 YEAR',1),('16.66',2,'DETERMINACION DE AGUA KARL FISCHER','DETERMINACION DE AGUA KARL FISCHER','2 YEAR',1),('16.68',2,'DETERMINACION DE ALCOHOLES POR CROMATOGRAFIA DE GASES','DETERMINACION DE ALCOHOLES POR CROMATOGRAFIA DE GASES','2 YEAR',1),('16.69',2,'CALCULO DEL INDICE DE CIERRE DE VAPOR','CALCULO DEL INDICE DE CIERRE DE VAPOR','2 YEAR',1),('16.7',2,'Presion de Vapor Gasolinas','Presion de Vapor Gasolinas','2 YEAR',1),('16.71',2,'Determinacion de Agua por Karl fischer','Determinacion de Agua por Karl fischer','2 YEAR',1),('16.73',2,'Viscosidad y Densidad Stabinger','Viscosidad y Densidad Stabinger','2 YEAR',1),('16.74',2,'Determinación de Contaminación Total  en muestras de B100 y mezclas con Diesel y ULSD','Determinación de Contaminación Total  en muestras de B100 y mezclas con Diesel y ULSD','2 YEAR',1),('16.75',2,'Punto de inflamación Copa Cerrada por equipo Manual Pensky-Martens en productos de petróleo.','Punto de inflamación Copa Cerrada por equipo Manual Pensky-Martens en productos de petróleo.','1 YEAR',1),('16.76',2,'Determinación Cuantitativa de Asfaltenos','Determinación Cuantitativa de Asfaltenos','2 YEAR',1),('16.77',2,'Determinación del contenido de microorganismos aeróbicos','Determinación del contenido de microorganismos aeróbicos','1 YEAR',1),('16.78',2,'Viscosidad Cinemática de Combustibles de Aviación-método automático.','Viscosidad Cinemática de Combustibles de Aviación-método automático.','2 YEAR',1),('16.79',2,'Control de calidad para solventes','Control de calidad para solventes','2 YEAR',1),('16.8',2,'T.B.N','T.B.N','2 YEAR',1),('16.9',2,'T.A.N','T.A.N','2 YEAR',1),('17',3,'PROCEDIMIENTO 17 CONTROL DE CALIDAD DE RECIBO Y DESPACHO DE LUBRICANTES A GRANEL','PROCEDIMIENTO 17 CONTROL DE CALIDAD DE RECIBO Y DESPACHO DE LUBRICANTES A GRANEL','2 YEAR',1),('18',3,'ANTIVIRUS','ANTIVIRUS','2 YEAR',1),('19',3,'ANALISIS DE COMBUSTIBLES','ANALISIS DE COMBUSTIBLES','2 YEAR',1),('21',3,'ELABORACIÓN DE  PROCEDIMIENTOS ANALITICOS DEL LABORATORIO','ELABORACIÓN DE  PROCEDIMIENTOS ANALITICOS DEL LABORATORIO','2 YEAR',1),('23',3,'MANEJO DEL CAMBIO','MANEJO DEL CAMBIO','2 YEAR',1),('25',3,'COMPRAS','COMPRAS','2 YEAR',1),('26',3,'ENTREGA EQUIPOS ACEITE EN SERVICIO','ENTREGA EQUIPOS ACEITE EN SERVICIO','2 YEAR',1),('27',3,'AM-S 97-011','AM-S 97-011','2 YEAR',1),('28',3,'REUNIONES DEL COMITE DE CALIDAD','REUNIONES DEL COMITE DE CALIDAD','2 YEAR',1),('29',3,'REVISIÓN DE METODOS','REVISIÓN DE METODOS','2 YEAR',1),('30',3,'ENTRENAMIENTO DEL PERSONAL','ENTRENAMIENTO DEL PERSONAL','2 YEAR',1),('31',3,'ALMACENAMIENTO Y MANEJO DE REACTIVOS','ALMACENAMIENTO Y MANEJO DE REACTIVOS','2 YEAR',1),('32',3,'LAVADO DE MATERIAL','LAVADO DE MATERIAL','2 YEAR',1),('33',3,'EVALUACION DE METODOS','EVALUACION DE METODOS','2 YEAR',1),('34',3,'MANEJO DE NO CONFORMIDADES y TRABAJO NO CONFORME','MANEJO DE NO CONFORMIDADES y TRABAJO NO CONFORME','2 YEAR',1),('35',3,'ELABORACIÓN  DOCUMENTACIÓN DEL S.C.','ELABORACIÓN  DOCUMENTACIÓN DEL S.C.','2 YEAR',1),('36',3,'REEMPLAZOS','REEMPLAZOS','2 YEAR',1),('37',3,'AUDITORÍAS INTERNAS','AUDITORÍAS INTERNAS','2 YEAR',1),('38',3,'ASEGURAMIENTO DE CALIDAD','ASEGURAMIENTO DE CALIDAD','2 YEAR',1),('40',3,'SOLICITUD DE ADICIONES Y MODIFICACIONES PARA PRODUCTOS EN GUOA LIMS','SOLICITUD DE ADICIONES Y MODIFICACIONES PARA PRODUCTOS EN GUOA LIMS','2 YEAR',1),('41',3,'MANEJO DE LA PLATAFORMA HIDRAULICA DEL LABORATORIO','MANEJO DE LA PLATAFORMA HIDRAULICA DEL LABORATORIO','2 YEAR',1),('E29',3,'Manejo de cifras significativas según norma ASTM E29','Manejo de cifras significativas según norma ASTM E29','1 YEAR',1),('SSA-01',1,'Sistema Seguridad Salud y Medio Ambiente - SG SSA','¿Qué es el SG SSA?, estructura, componentes.','3 YEAR',1),('SSA-02',1,'EntrenamientoSG SST-Decreto 1072 2015','Entrenamiento Sistema de gestion  Salud y seguridad en el Trabajo SG SST- Decreto 1072 2015',NULL,1),('SSA-03',1,'Entrenamiento Auditor Interno ISO 14001:2015 OHAS 18001:2007','Entrenamiento Auditor Interno ISO 14001:2015 OHAS 18001:2007',NULL,1),('SSA-04',1,'Inducción y Reinducción en Salud Seguridad y Ambiente','Políticas ,normas de seguridad,  Plan de emergencias.','2 YEAR',1),('SSA-05',1,'Políticas del Sistema de Salud Seguridad Ambiente','Políticas Salud, Seguridad, Ambiente','2 YEAR',1),('SSA-06',1,'Manejo del Riesgo','Conceptos Peligro, riesgo, evaluación del Riesgo.','2 YEAR',1),('SSA-07',1,'Manejo de Residuos Sólidos','Definición, clasificación, Gestión de residuos','3 YEAR',1),('SSA-08',1,'Manejo de Residuos Químicos y Peligrosos','Definiciones, Rotulación, Clasificación, Almacenamiento y Manejo','3 YEAR',1),('SSA-09',1,'Transporte de material peligroso. Decreto 1609 de 2002. Manejo de residuos peligrosos: Decreto 4741 de 2015','Requisitos transporte de mercancías peligrosas','3 YEAR',1),('SSA-10',1,'Sistema de Prevención de Perdidas','Deficición del sistema, Uso de sus herramientas','2 YEAR',1),('SSA-11',1,'Elementos de Protección Personal','Uso y cuidado de EPP','2 YEAR',1),('SSA-12',1,'Fundamentos Trabajo en Alturas','Conceptos básicos para la ejecución de trabajos en altura','3 YEAR',1),('SSA-13',1,'Orden y Aseo','Definición  Importancia del Orden y Aseo en los Lugares de Trabajo,','2 YEAR',1),('SSA-14',1,'Hojas de seguridad SDS/ Sustancias Particularmente Peligrosas','Estructura de las SDS','1 YEAR',1),('SSA-15',1,'Métodos y procedimientos del Laboratorio. ATS y  Evaluación del Riesgo','Procedimiento del Método, ATS y Análisis de Riesgo','3 YEAR',1),('SSA-16',1,'Bloqueo y Etiquetado','Tipos de energías peligrosas, dispositivos de bloqueo y etiquetado.','3 YEAR',1),('SSA-17',1,'Medición de gases','Metodología para la medicion de gases','3 YEAR',1),('SSA-18',1,'Sistema de Permisos de trabajo','Definiciones, autoridades, formularios de permisos de trabajo. ','3 YEAR',1),('SSA-19',1,'Equipos críticos de seguridad','Paradas de emergencia, Conexiones a tierra antiestática, Extintores, Duchas y Lava ojos','2 YEAR',1),('SSA-20',1,'Manejo del Cambio','Definición, clasificación y procedimiento para el manejo del cambio','3 YEAR',1),('SSA-21',1,'Investigación de Accidentes e Incidentes ','Metodología para el análisis de Accidentes e incidentes','3 YEAR',1),('SSA-22',1,'Plan de Emergencias','Divulgación PRE','2 YEAR',1),('SSA-23',1,'Primeros Auxilios','Procedimiento básico de primeros auxilios','2 YEAR',1),('SSA-24',1,'Control de Fuego','Fuego, clasificación y manejo de extintores','2 YEAR',1),('SSA-25',1,'Control de Derrames','Procedimiento para el manejo de derrames','2 YEAR',1),('SSA-26',1,'Protección Auditiva','EPP para protección auditiva, usos y y cuidados','3 YEAR',1),('SSA-27',1,'Entrenamiento Ergonomía','Conceptos básicos de ergonomía','3 YEAR',1),('SSA-28',1,'Test Ajuste Máscaras','Ajuste y mantenimiento de la pieza facial, ','2 YEAR',1);
/*!40000 ALTER TABLE `pruebas` ENABLE KEYS */;
UNLOCK TABLES;

--
-- Table structure for table `rel_cargos_pruebas`
--

DROP TABLE IF EXISTS `rel_cargos_pruebas`;
/*!40101 SET @saved_cs_client     = @@character_set_client */;
/*!40101 SET character_set_client = utf8 */;
CREATE TABLE `rel_cargos_pruebas` (
  `PruebaID` varchar(10) NOT NULL COMMENT 'ID de la prueba proveniente de la tabla pruebas',
  `CargoNo` smallint(6) NOT NULL COMMENT 'Id del cargo proveniente de la tabla cargos',
  PRIMARY KEY (`PruebaID`,`CargoNo`),
  KEY `PruebaID` (`PruebaID`),
  KEY `CargoNo` (`CargoNo`),
  CONSTRAINT `FK_CarRelP` FOREIGN KEY (`CargoNo`) REFERENCES `cargos` (`CargoNo`),
  CONSTRAINT `FK_PruRelC` FOREIGN KEY (`PruebaID`) REFERENCES `pruebas` (`PruebaID`)
) ENGINE=InnoDB DEFAULT CHARSET=latin1;
/*!40101 SET character_set_client = @saved_cs_client */;

--
-- Dumping data for table `rel_cargos_pruebas`
--

LOCK TABLES `rel_cargos_pruebas` WRITE;
/*!40000 ALTER TABLE `rel_cargos_pruebas` DISABLE KEYS */;
INSERT INTO `rel_cargos_pruebas` VALUES ('01',2),('02',2),('03',2),('04',2),('05',2),('06',2),('08',2),('09',2),('10',2),('11',2),('12',2),('15',2),('17',2),('18',2),('19',2),('21',2),('23',2),('25',2),('26',2),('27',2),('28',2),('29',2),('30',2),('31',2),('32',2),('33',2),('34',2),('35',2),('36',2),('37',2),('38',2),('40',2),('41',2),('E29',2),('SSA-01',2),('SSA-05',2),('SSA-06',2),('SSA-07',2),('SSA-08',2),('SSA-10',2),('SSA-13',2),('SSA-14',2),('SSA-19',2),('SSA-20',2),('SSA-22',2),('SSA-23',2),('SSA-24',2),('SSA-25',2),('SSA-27',2),('01',3),('02',3),('03',3),('04',3),('05',3),('06',3),('08',3),('09',3),('10',3),('11',3),('12',3),('15',3),('17',3),('18',3),('19',3),('21',3),('23',3),('25',3),('26',3),('27',3),('28',3),('29',3),('30',3),('31',3),('32',3),('33',3),('34',3),('35',3),('36',3),('37',3),('38',3),('40',3),('41',3),('E29',3),('SSA-01',3),('SSA-05',3),('SSA-06',3),('SSA-07',3),('SSA-08',3),('SSA-10',3),('SSA-11',3),('SSA-13',3),('SSA-14',3),('SSA-19',3),('SSA-20',3),('SSA-22',3),('SSA-23',3),('SSA-24',3),('SSA-25',3),('SSA-26',3),('SSA-27',3),('01',4),('02',4),('03',4),('04',4),('05',4),('06',4),('08',4),('09',4),('10',4),('11',4),('12',4),('15',4),('17',4),('18',4),('19',4),('21',4),('23',4),('25',4),('26',4),('27',4),('28',4),('29',4),('30',4),('31',4),('32',4),('33',4),('34',4),('35',4),('36',4),('37',4),('38',4),('40',4),('41',4),('E29',4),('SSA-01',4),('SSA-02',4),('SSA-03',4),('SSA-05',4),('SSA-06',4),('SSA-07',4),('SSA-08',4),('SSA-10',4),('SSA-11',4),('SSA-12',4),('SSA-13',4),('SSA-14',4),('SSA-16',4),('SSA-17',4),('SSA-18',4),('SSA-19',4),('SSA-20',4),('SSA-22',4),('SSA-23',4),('SSA-24',4),('SSA-25',4),('SSA-26',4),('SSA-27',4),('01',5),('02',5),('03',5),('04',5),('05',5),('06',5),('08',5),('09',5),('10',5),('11',5),('12',5),('15',5),('16.06',5),('16.1',5),('16.1.1',5),('16.1.3',5),('16.11',5),('16.12',5),('16.13',5),('16.16.1',5),('16.16.2',5),('16.17',5),('16.18',5),('16.2',5),('16.22',5),('16.23',5),('16.24',5),('16.27.03',5),('16.27.04',5),('16.29.2',5),('16.3',5),('16.37',5),('16.38',5),('16.39',5),('16.4',5),('16.40',5),('16.41',5),('16.42',5),('16.43',5),('16.44',5),('16.45',5),('16.46',5),('16.47',5),('16.48',5),('16.49',5),('16.5',5),('16.56',5),('16.59',5),('16.61',5),('16.66',5),('16.68',5),('16.69',5),('16.7',5),('16.71',5),('16.73',5),('16.74',5),('16.75',5),('16.76',5),('16.77',5),('16.78',5),('16.79',5),('16.8',5),('16.9',5),('17',5),('18',5),('19',5),('21',5),('23',5),('25',5),('26',5),('27',5),('28',5),('29',5),('30',5),('31',5),('32',5),('33',5),('34',5),('35',5),('36',5),('37',5),('38',5),('40',5),('41',5),('E29',5),('SSA-01',5),('SSA-05',5),('SSA-06',5),('SSA-07',5),('SSA-08',5),('SSA-09',5),('SSA-10',5),('SSA-11',5),('SSA-12',5),('SSA-13',5),('SSA-14',5),('SSA-15',5),('SSA-16',5),('SSA-17',5),('SSA-18',5),('SSA-19',5),('SSA-20',5),('SSA-21',5),('SSA-23',5),('SSA-24',5),('SSA-25',5),('SSA-26',5),('SSA-27',5),('SSA-28',5),('01',6),('32',6),('SSA-04',6),('SSA-05',6),('SSA-07',6),('SSA-08',6),('SSA-10',6),('SSA-11',6),('SSA-13',6),('SSA-19',6),('SSA-04',7),('SSA-05',7);
/*!40000 ALTER TABLE `rel_cargos_pruebas` ENABLE KEYS */;
UNLOCK TABLES;

--
-- Table structure for table `rel_cargos_usuarios`
--

DROP TABLE IF EXISTS `rel_cargos_usuarios`;
/*!40101 SET @saved_cs_client     = @@character_set_client */;
/*!40101 SET character_set_client = utf8 */;
CREATE TABLE `rel_cargos_usuarios` (
  `CargoNo` smallint(6) NOT NULL COMMENT 'Id del cargo proveniente de la tabla cargos',
  `UsuarioID` smallint(6) NOT NULL COMMENT 'ID del usuario proveniente de la tabla usuarios',
  PRIMARY KEY (`CargoNo`,`UsuarioID`),
  KEY `CargoNo` (`CargoNo`),
  KEY `UsuarioID` (`UsuarioID`),
  CONSTRAINT `FK_CarRel` FOREIGN KEY (`CargoNo`) REFERENCES `cargos` (`CargoNo`),
  CONSTRAINT `FK_UsuRel` FOREIGN KEY (`UsuarioID`) REFERENCES `usuarios` (`UsuarioID`)
) ENGINE=InnoDB DEFAULT CHARSET=latin1;
/*!40101 SET character_set_client = @saved_cs_client */;

--
-- Dumping data for table `rel_cargos_usuarios`
--

LOCK TABLES `rel_cargos_usuarios` WRITE;
/*!40000 ALTER TABLE `rel_cargos_usuarios` DISABLE KEYS */;
INSERT INTO `rel_cargos_usuarios` VALUES (2,1),(2,2),(3,2),(3,3),(4,2),(4,7),(5,4),(5,5),(5,6),(5,8),(5,9),(5,10),(5,11),(5,12),(5,13),(5,14),(5,15),(5,16),(5,17),(5,23),(6,18),(6,19),(6,20),(6,21),(6,22),(7,24),(7,25),(7,26),(7,27),(7,28),(7,29),(7,30),(7,31),(7,32),(7,33),(7,34),(7,35),(7,36),(7,37),(7,38),(7,39),(7,40),(7,41),(7,42),(7,43),(7,44),(7,45),(7,46),(7,47),(7,48),(7,49),(7,50),(7,51),(7,52),(7,53);
/*!40000 ALTER TABLE `rel_cargos_usuarios` ENABLE KEYS */;
UNLOCK TABLES;

--
-- Table structure for table `rel_prueba_usuarios`
--

DROP TABLE IF EXISTS `rel_prueba_usuarios`;
/*!40101 SET @saved_cs_client     = @@character_set_client */;
/*!40101 SET character_set_client = utf8 */;
CREATE TABLE `rel_prueba_usuarios` (
  `PruebaID` varchar(10) NOT NULL COMMENT 'ID de la prueba proveniente de la tabla pruebas',
  `UsuarioID` smallint(6) NOT NULL COMMENT 'ID del usuario proveniente de la tabla usuarios',
  `Fecha_realizada` date NOT NULL COMMENT 'Fecha en la que se realizo la prueba',
  `Fecha_Siguiente` date NOT NULL,
  `Entrenador` varchar(50) NOT NULL COMMENT 'ID del usuario que llevo a cabo la prueba',
  `Huella_Entrenador` varchar(70) DEFAULT NULL,
  PRIMARY KEY (`PruebaID`,`UsuarioID`,`Fecha_realizada`),
  KEY `PruebaID` (`PruebaID`),
  KEY `UsuarioID` (`UsuarioID`),
  KEY `Fecha_realizada` (`Fecha_realizada`),
  CONSTRAINT `FK_PruRel` FOREIGN KEY (`PruebaID`) REFERENCES `pruebas` (`PruebaID`),
  CONSTRAINT `FK_UsuRelP` FOREIGN KEY (`UsuarioID`) REFERENCES `usuarios` (`UsuarioID`)
) ENGINE=InnoDB DEFAULT CHARSET=latin1;
/*!40101 SET character_set_client = @saved_cs_client */;

--
-- Dumping data for table `rel_prueba_usuarios`
--

LOCK TABLES `rel_prueba_usuarios` WRITE;
/*!40000 ALTER TABLE `rel_prueba_usuarios` DISABLE KEYS */;
INSERT INTO `rel_prueba_usuarios` VALUES ('01',1,'2016-02-28','2018-02-28','Nelson Blanco',NULL),('01',2,'2016-02-28','2018-02-28','Nelson Blanco',NULL),('01',3,'2016-02-28','2018-02-28','Nelson Blanco',NULL),('01',4,'2016-02-28','2018-02-28','Nelson Blanco',NULL),('01',5,'2016-02-28','2018-02-28','Nelson Blanco',NULL),('01',6,'2016-02-28','2018-02-28','Nelson Blanco',NULL),('01',7,'2016-02-28','2018-02-28','Nelson Blanco',NULL),('01',8,'2016-02-28','2018-02-28','Nelson Blanco',NULL),('01',9,'2016-02-28','2018-02-28','Nelson Blanco',NULL),('01',10,'2016-02-28','2018-02-28','Nelson Blanco',NULL),('01',11,'2016-02-28','2018-02-28','Nelson Blanco',NULL),('01',12,'2016-02-28','2018-02-28','Nelson Blanco',NULL),('01',13,'2016-02-28','2018-02-28','Nelson Blanco',NULL),('01',14,'2016-02-28','2018-02-28','Nelson Blanco',NULL),('01',15,'2016-02-28','2018-02-28','Nelson Blanco',NULL),('01',16,'2016-02-28','2018-02-28','Nelson Blanco',NULL),('01',18,'2016-02-28','2018-02-28','Nelson Blanco',NULL),('01',19,'2016-02-28','2018-02-28','Nelson Blanco',NULL),('01',20,'2016-02-28','2018-02-28','Nelson Blanco',NULL),('01',21,'2016-02-28','2018-02-28','Nelson Blanco',NULL),('01',22,'2016-02-28','2018-02-28','Nelson Blanco',NULL),('01',23,'2016-02-28','2018-02-28','Nelson Blanco',NULL),('02',1,'2016-02-29','2018-02-28','Israel Olarte',NULL),('02',2,'2016-02-29','2018-02-28','Israel Olarte',NULL),('02',3,'2016-02-29','2018-02-28','Israel Olarte',NULL),('02',4,'2016-02-29','2018-02-28','Israel Olarte',NULL),('02',5,'2016-02-29','2018-02-28','Israel Olarte',NULL),('02',6,'2016-02-29','2018-02-28','Israel Olarte',NULL),('02',7,'2016-02-29','2018-02-28','Israel Olarte',NULL),('02',8,'2016-02-29','2018-02-28','Israel Olarte',NULL),('02',9,'2016-02-29','2018-02-28','Israel Olarte',NULL),('02',10,'2016-02-29','2018-02-28','Israel Olarte',NULL),('02',11,'2016-02-29','2018-02-28','Israel Olarte',NULL),('02',12,'2016-02-29','2018-02-28','Israel Olarte',NULL),('02',13,'2016-02-29','2018-02-28','Israel Olarte',NULL),('02',14,'2016-02-29','2018-02-28','Israel Olarte',NULL),('02',15,'2016-02-29','2018-02-28','Israel Olarte',NULL),('02',16,'2016-02-29','2018-02-28','Israel Olarte',NULL),('02',23,'2016-02-29','2018-02-28','Israel Olarte',NULL),('03',1,'2016-02-23','2018-02-23','Juan C. Preciado',NULL),('03',2,'2016-02-23','2018-02-23','Juan C. Preciado',NULL),('03',3,'2016-02-23','2018-02-23','Juan C. Preciado',NULL),('03',4,'2016-02-23','2018-02-23','Juan C. Preciado',NULL),('03',5,'2016-02-23','2018-02-23','Juan C. Preciado',NULL),('03',6,'2016-02-23','2018-02-23','Juan C. Preciado',NULL),('03',7,'2016-02-23','2018-02-23','Juan C. Preciado',NULL),('03',8,'2016-02-23','2018-02-23','Juan C. Preciado',NULL),('03',9,'2016-02-23','2018-02-23','Juan C. Preciado',NULL),('03',10,'2016-02-23','2018-02-23','Juan C. Preciado',NULL),('03',11,'2016-02-23','2018-02-23','Juan C. Preciado',NULL),('03',12,'2016-02-23','2018-02-23','Juan C. Preciado',NULL),('03',13,'2016-02-23','2018-02-23','Juan C. Preciado',NULL),('03',14,'2016-02-23','2018-02-23','Juan C. Preciado',NULL),('03',15,'2016-02-23','2018-02-23','Juan C. Preciado',NULL),('03',16,'2016-02-23','2018-02-23','Juan C. Preciado',NULL),('03',23,'2016-02-23','2018-02-23','Juan C. Preciado',NULL),('04',1,'2016-03-29','2018-03-29','Diego Martinez',NULL),('04',2,'2016-03-29','2018-03-29','Diego Martinez',NULL),('04',3,'2016-03-29','2018-03-29','Diego Martinez',NULL),('04',4,'2016-03-29','2018-03-29','Diego Martinez',NULL),('04',5,'2016-03-29','2018-03-29','Diego Martinez',NULL),('04',6,'2016-03-29','2018-03-29','Diego Martinez',NULL),('04',7,'2016-03-29','2018-03-29','Diego Martinez',NULL),('04',8,'2016-03-29','2018-03-29','Diego Martinez',NULL),('04',9,'2016-03-29','2018-03-29','Diego Martinez',NULL),('04',10,'2016-03-29','2018-03-29','Diego Martinez',NULL),('04',11,'2016-03-29','2018-03-29','Diego Martinez',NULL),('04',12,'2016-03-29','2018-03-29','Diego Martinez',NULL),('04',13,'2016-03-29','2018-03-29','Diego Martinez',NULL),('04',14,'2016-03-29','2018-03-29','Diego Martinez',NULL),('04',15,'2016-03-29','2018-03-29','Diego Martinez',NULL),('04',16,'2016-03-29','2018-03-29','Diego Martinez',NULL),('04',23,'2016-03-29','2018-03-29','Diego Martinez',NULL),('05',1,'2016-04-29','2018-04-29','Anderson Beltran',NULL),('05',2,'2016-04-29','2018-04-29','Anderson Beltran',NULL),('05',3,'2016-04-29','2018-04-29','Anderson Beltran',NULL),('05',4,'2016-04-29','2018-04-29','Anderson Beltran',NULL),('05',5,'2016-04-29','2018-04-29','Anderson Beltran',NULL),('05',6,'2016-04-29','2018-04-29','Anderson Beltran',NULL),('05',7,'2016-04-29','2018-04-29','Anderson Beltran',NULL),('05',8,'2016-04-29','2018-04-29','Anderson Beltran',NULL),('05',9,'2016-04-29','2018-04-29','Anderson Beltran',NULL),('05',10,'2016-04-29','2018-04-29','Anderson Beltran',NULL),('05',11,'2016-04-29','2018-04-29','Anderson Beltran',NULL),('05',12,'2016-04-29','2018-04-29','Anderson Beltran',NULL),('05',13,'2016-04-29','2018-04-29','Anderson Beltran',NULL),('05',14,'2016-04-29','2018-04-29','Anderson Beltran',NULL),('05',15,'2016-04-29','2018-04-29','Anderson Beltran',NULL),('05',16,'2016-04-29','2018-04-29','Anderson Beltran',NULL),('05',23,'2016-04-29','2018-04-29','Anderson Beltran',NULL),('06',1,'2016-10-26','2018-10-26','Laura Rojas',NULL),('06',2,'2016-10-26','2018-10-26','Laura Rojas',NULL),('06',3,'2016-10-26','2018-10-26','Laura Rojas',NULL),('06',4,'2016-10-26','2018-10-26','Laura Rojas',NULL),('06',5,'2016-10-26','2018-10-26','Laura Rojas',NULL),('06',6,'2016-10-26','2018-10-26','Laura Rojas',NULL),('06',7,'2016-10-26','2018-10-26','Laura Rojas',NULL),('06',8,'2016-10-26','2018-10-26','Laura Rojas',NULL),('06',9,'2016-10-26','2018-10-26','Laura Rojas',NULL),('06',10,'2016-10-26','2018-10-26','Laura Rojas',NULL),('06',11,'2016-10-26','2018-10-26','Laura Rojas',NULL),('06',12,'2016-10-26','2018-10-26','Laura Rojas',NULL),('06',13,'2016-10-26','2018-10-26','Laura Rojas',NULL),('06',14,'2016-10-26','2018-10-26','Laura Rojas',NULL),('06',15,'2016-10-26','2018-10-26','Laura Rojas',NULL),('06',16,'2016-10-26','2018-10-26','Laura Rojas',NULL),('06',23,'2016-10-26','2018-10-26','Laura Rojas',NULL),('08',1,'2016-11-21','2018-11-21','John Valbuena',NULL),('08',2,'2016-11-21','2018-11-21','John Valbuena',NULL),('08',3,'2016-11-21','2018-11-21','John Valbuena',NULL),('08',4,'2016-11-21','2018-11-21','John Valbuena',NULL),('08',5,'2016-11-21','2018-11-21','John Valbuena',NULL),('08',6,'2016-11-21','2018-11-21','John Valbuena',NULL),('08',7,'2016-11-21','2018-11-21','John Valbuena',NULL),('08',8,'2016-11-21','2018-11-21','John Valbuena',NULL),('08',9,'2016-11-21','2018-11-21','John Valbuena',NULL),('08',10,'2016-11-21','2018-11-21','John Valbuena',NULL),('08',11,'2016-11-21','2018-11-21','John Valbuena',NULL),('08',12,'2016-11-21','2018-11-21','John Valbuena',NULL),('08',13,'2016-11-21','2018-11-21','John Valbuena',NULL),('08',14,'2016-11-21','2018-11-21','John Valbuena',NULL),('08',15,'2016-11-21','2018-11-21','John Valbuena',NULL),('08',16,'2016-11-21','2018-11-21','John Valbuena',NULL),('08',23,'2016-11-21','2018-11-21','John Valbuena',NULL),('09',1,'2016-03-31','2018-03-31','Carlos Sandoval',NULL),('09',2,'2016-03-31','2018-03-31','Carlos Sandoval',NULL),('09',3,'2016-03-31','2018-03-31','Carlos Sandoval',NULL),('09',4,'2016-03-31','2018-03-31','Carlos Sandoval',NULL),('09',5,'2016-03-31','2018-03-31','Carlos Sandoval',NULL),('09',6,'2016-03-31','2018-03-31','Carlos Sandoval',NULL),('09',7,'2016-03-31','2018-03-31','Carlos Sandoval',NULL),('09',8,'2016-03-31','2018-03-31','Carlos Sandoval',NULL),('09',9,'2016-03-31','2018-03-31','Carlos Sandoval',NULL),('09',10,'2016-03-31','2018-03-31','Carlos Sandoval',NULL),('09',11,'2016-03-31','2018-03-31','Carlos Sandoval',NULL),('09',12,'2016-03-31','2018-03-31','Carlos Sandoval',NULL),('09',13,'2016-03-31','2018-03-31','Carlos Sandoval',NULL),('09',14,'2016-03-31','2018-03-31','Carlos Sandoval',NULL),('09',15,'2016-03-31','2018-03-31','Carlos Sandoval',NULL),('09',16,'2016-03-31','2018-03-31','Carlos Sandoval',NULL),('09',23,'2016-03-31','2018-03-31','Carlos Sandoval',NULL),('10',1,'2016-04-27','2018-04-27','Bayron Alvarez',NULL),('10',2,'2016-04-27','2018-04-27','Bayron Alvarez',NULL),('10',3,'2016-04-27','2018-04-27','Bayron Alvarez',NULL),('10',4,'2016-04-27','2018-04-27','Bayron Alvarez',NULL),('10',5,'2016-04-27','2018-04-27','Bayron Alvarez',NULL),('10',6,'2016-04-27','2018-04-27','Bayron Alvarez',NULL),('10',7,'2016-04-27','2018-04-27','Bayron Alvarez',NULL),('10',8,'2016-04-27','2018-04-27','Bayron Alvarez',NULL),('10',9,'2016-04-27','2018-04-27','Bayron Alvarez',NULL),('10',10,'2016-04-27','2018-04-27','Bayron Alvarez',NULL),('10',11,'2016-04-27','2018-04-27','Bayron Alvarez',NULL),('10',12,'2016-04-27','2018-04-27','Bayron Alvarez',NULL),('10',13,'2016-04-27','2018-04-27','Bayron Alvarez',NULL),('10',14,'2016-04-27','2018-04-27','Bayron Alvarez',NULL),('10',15,'2016-04-27','2018-04-27','Bayron Alvarez',NULL),('10',16,'2016-04-27','2018-04-27','Bayron Alvarez',NULL),('10',23,'2016-04-27','2018-04-27','Bayron Alvarez',NULL),('11',1,'2016-04-21','2018-04-21','Carlos Urruchurto',NULL),('11',2,'2016-04-21','2018-04-21','Carlos Urruchurto',NULL),('11',3,'2016-04-21','2018-04-21','Carlos Urruchurto',NULL),('11',4,'2016-04-21','2018-04-21','Carlos Urruchurto',NULL),('11',5,'2016-04-21','2018-04-21','Carlos Urruchurto',NULL),('11',6,'2016-04-21','2018-04-21','Carlos Urruchurto',NULL),('11',7,'2016-04-21','2018-04-21','Carlos Urruchurto',NULL),('11',8,'2016-04-21','2018-04-21','Carlos Urruchurto',NULL),('11',9,'2016-04-21','2018-04-21','Carlos Urruchurto',NULL),('11',10,'2016-04-21','2018-04-21','Carlos Urruchurto',NULL),('11',11,'2016-04-21','2018-04-21','Carlos Urruchurto',NULL),('11',12,'2016-04-21','2018-04-21','Carlos Urruchurto',NULL),('11',13,'2016-04-21','2018-04-21','Carlos Urruchurto',NULL),('11',14,'2016-04-21','2018-04-21','Carlos Urruchurto',NULL),('11',15,'2016-04-21','2018-04-21','Carlos Urruchurto',NULL),('11',16,'2016-04-21','2018-04-21','Carlos Urruchurto',NULL),('11',23,'2016-04-21','2018-04-21','Carlos Urruchurto',NULL),('12',1,'2016-05-16','2018-05-16','Diego Martinez',NULL),('12',2,'2016-05-16','2018-05-16','Diego Martinez',NULL),('12',3,'2016-05-16','2018-05-16','Diego Martinez',NULL),('12',4,'2016-05-16','2018-05-16','Diego Martinez',NULL),('12',5,'2016-05-16','2018-05-16','Diego Martinez',NULL),('12',6,'2016-05-16','2018-05-16','Diego Martinez',NULL),('12',7,'2016-05-16','2018-05-16','Diego Martinez',NULL),('12',8,'2016-05-16','2018-05-16','Diego Martinez',NULL),('12',9,'2016-05-16','2018-05-16','Diego Martinez',NULL),('12',10,'2016-05-16','2018-05-16','Diego Martinez',NULL),('12',11,'2016-05-16','2018-05-16','Diego Martinez',NULL),('12',12,'2016-05-16','2018-05-16','Diego Martinez',NULL),('12',13,'2016-05-16','2018-05-16','Diego Martinez',NULL),('12',14,'2016-05-16','2018-05-16','Diego Martinez',NULL),('12',15,'2016-05-16','2018-05-16','Diego Martinez',NULL),('12',16,'2016-05-16','2018-05-16','Diego Martinez',NULL),('12',23,'2016-05-16','2018-05-16','Diego Martinez',NULL),('15',1,'2016-05-27','2018-05-27','John Valbuena',NULL),('15',2,'2016-05-27','2018-05-27','John Valbuena',NULL),('15',3,'2016-05-27','2018-05-27','John Valbuena',NULL),('15',4,'2016-05-27','2018-05-27','John Valbuena',NULL),('15',5,'2016-05-27','2018-05-27','John Valbuena',NULL),('15',6,'2016-05-27','2018-05-27','John Valbuena',NULL),('15',7,'2016-05-27','2018-05-27','John Valbuena',NULL),('15',8,'2016-05-27','2018-05-27','John Valbuena',NULL),('15',9,'2016-05-27','2018-05-27','John Valbuena',NULL),('15',10,'2016-05-27','2018-05-27','John Valbuena',NULL),('15',11,'2016-05-27','2018-05-27','John Valbuena',NULL),('15',12,'2016-05-27','2018-05-27','John Valbuena',NULL),('15',13,'2016-05-27','2018-05-27','John Valbuena',NULL),('15',14,'2016-05-27','2018-05-27','John Valbuena',NULL),('15',15,'2016-05-27','2018-05-27','John Valbuena',NULL),('15',16,'2016-05-27','2018-05-27','John Valbuena',NULL),('15',23,'2016-05-27','2018-05-27','John Valbuena',NULL),('16.06',3,'2016-08-11','2018-08-11','Cobalto',NULL),('16.06',4,'2016-07-08','2018-07-08','Cobalto',NULL),('16.06',9,'2016-03-11','2018-03-11','Cobalto',NULL),('16.1',8,'2016-07-01','2018-07-01','Bayron Alvarez',NULL),('16.1',9,'2016-12-29','2018-12-29','Cobalto',NULL),('16.1',10,'2016-11-24','2018-11-24','Cobalto',NULL),('16.1',12,'2016-06-30','2018-06-30','Bayron Alvarez',NULL),('16.1',12,'2016-09-14','2018-09-14','Cobalto',NULL),('16.1',14,'2016-06-24','2018-06-24','Diego Murcia',NULL),('16.1',14,'2016-06-28','2018-06-28','Cobalto',NULL),('16.1',15,'2016-03-01','2018-03-01','Bayron Alvarez',NULL),('16.1',15,'2016-03-10','2018-03-10','Cobalto',NULL),('16.1.3',8,'2016-06-28','2018-06-28','Cobalto',NULL),('16.1.3',9,'2016-06-29','2018-06-29','Cobalto',NULL),('16.1.3',10,'2016-03-02','2018-03-02','Cobalto',NULL),('16.1.3',13,'2017-07-25','2019-07-25','Cobalto',NULL),('16.1.3',16,'2016-01-25','2018-01-25','Bayron Alvarez',NULL),('16.1.3',16,'2016-01-26','2018-01-26','Cobalto',NULL),('16.1.3',17,'2017-03-22','2019-03-22','Ariel Rodriguez',NULL),('16.1.3',17,'2017-04-22','2019-04-22','Cobalto',NULL),('16.11',8,'2017-05-11','2019-05-11','Cobalto',NULL),('16.11',11,'2017-07-30','2019-07-30','Cobalto',NULL),('16.11',13,'2016-01-07','2018-01-07','Catherin Valencia',NULL),('16.11',13,'2016-01-28','2018-01-28','Cobalto',NULL),('16.11',13,'2017-07-25','2019-07-25','Cobalto',NULL),('16.11',14,'2016-01-19','2018-01-19','Catherin Valencia',NULL),('16.11',14,'2017-07-30','2019-07-30','Cobalto',NULL),('16.11',15,'2017-07-30','2019-07-30','Cobalto',NULL),('16.11',16,'2016-01-19','2018-01-19','Catherin Valencia',NULL),('16.11',16,'2017-07-30','2019-07-30','Cobalto',NULL),('16.11',17,'2017-04-18','2019-04-18','Ariel Rodriguez',NULL),('16.11',17,'2017-04-26','2019-04-26','Cobalto',NULL),('16.12',8,'2017-05-15','2019-05-15','Cobalto',NULL),('16.12',10,'2017-06-23','2019-06-23','Cobalto',NULL),('16.12',11,'2017-06-19','2019-06-19','Cobalto',NULL),('16.12',12,'2016-01-08','2018-01-08','Laura Rojas',NULL),('16.12',12,'2016-02-02','2018-02-02','Cobalto',NULL),('16.12',13,'2016-01-08','2018-01-08','Laura Rojas',NULL),('16.12',13,'2016-02-02','2018-02-02','Cobalto',NULL),('16.12',14,'2016-02-10','2018-02-10','Cobalto',NULL),('16.12',14,'2017-08-29','2019-08-29','Cobalto',NULL),('16.12',15,'2016-02-01','2018-02-01','Laura Rojas',NULL),('16.12',15,'2016-02-12','2018-02-12','Cobalto',NULL),('16.12',16,'2016-02-08','2018-02-08','Cobalto',NULL),('16.12',17,'2017-02-03','2019-02-03','Nelson G. castro',NULL),('16.12',17,'2017-03-24','2019-03-24','Cobalto',NULL),('16.13',10,'2016-12-27','2017-12-27','Cobalto',NULL),('16.13',12,'2016-04-10','2017-04-10','Bayron Alvarez',NULL),('16.13',12,'2016-04-19','2017-04-19','Cobalto',NULL),('16.13',12,'2017-03-31','2018-03-31','Cobalto',NULL),('16.13',13,'2016-04-10','2017-04-10','Bayron Alvarez',NULL),('16.13',13,'2016-04-19','2017-04-19','Cobalto',NULL),('16.13',13,'2017-03-30','2018-03-30','Cobalto',NULL),('16.13',14,'2016-04-10','2017-04-10','Bayron Alvarez',NULL),('16.13',14,'2016-04-18','2017-04-18','Cobalto',NULL),('16.13',14,'2017-03-29','2018-03-29','Cobalto',NULL),('16.13',15,'2016-04-10','2017-04-10','Bayron Alvarez',NULL),('16.13',15,'2016-04-18','2017-04-18','Cobalto',NULL),('16.13',15,'2017-03-29','2018-03-29','Cobalto',NULL),('16.13',16,'2016-04-10','2017-04-10','Bayron Alvarez',NULL),('16.13',16,'2016-04-12','2017-04-12','Cobalto',NULL),('16.13',16,'2017-03-28','2018-03-28','Cobalto',NULL),('16.16.1',8,'2016-04-05','2018-04-05','Cobalto',NULL),('16.16.1',10,'2016-10-19','2018-10-19','Cobalto',NULL),('16.16.1',12,'2017-02-02','2019-02-02','Nelson G. castro',NULL),('16.16.1',12,'2017-02-14','2019-02-14','Cobalto',NULL),('16.16.1',13,'2016-01-07','2018-01-07','Catherin Valencia',NULL),('16.16.1',13,'2016-01-28','2018-01-28','Cobalto',NULL),('16.16.1',14,'2016-01-19','2018-01-19','Catherin Valencia',NULL),('16.16.1',16,'2016-04-29','2018-04-29','Nelson G. Castro',NULL),('16.16.2',12,'2017-02-14','2019-02-14','Cobalto',NULL),('16.17',8,'2016-02-25','2017-02-25','Cobalto',NULL),('16.17',8,'2017-05-11','2018-05-11','Cobalto',NULL),('16.17',9,'2016-12-29','2017-12-29','Cobalto',NULL),('16.17',10,'2016-04-12','2017-04-12','Cobalto',NULL),('16.17',10,'2017-03-24','2018-03-24','Cobalto',NULL),('16.17',11,'2016-04-12','2017-04-12','Cobalto',NULL),('16.17',11,'2017-03-23','2018-03-23','Cobalto',NULL),('16.17',17,'2017-01-23','2018-01-23','Maikolt Preciado',NULL),('16.17',17,'2017-03-22','2018-03-22','Cobalto',NULL),('16.18',4,'2016-11-30','2017-11-30','Cobalto',NULL),('16.18',9,'2016-02-03','2017-02-03','Cobalto',NULL),('16.18',9,'2017-01-31','2018-01-31','Cobalto',NULL),('16.2',9,'2016-05-31','2018-05-31','Cobalto',NULL),('16.22',8,'2016-02-25','2017-02-25','Cobalto',NULL),('16.22',8,'2017-05-11','2018-05-11','Cobalto',NULL),('16.22',9,'2016-03-11','2017-03-11','Cobalto',NULL),('16.22',10,'2016-04-12','2017-04-12','Cobalto',NULL),('16.22',10,'2017-03-24','2018-03-24','Cobalto',NULL),('16.22',11,'2016-04-12','2017-04-12','Cobalto',NULL),('16.22',11,'2017-04-25','2018-04-25','Cobalto',NULL),('16.22',12,'2016-01-08','2017-01-08','Carolina Malaver',NULL),('16.22',12,'2016-01-27','2017-01-27','Cobalto',NULL),('16.22',12,'2017-01-19','2018-01-19','Cobalto',NULL),('16.22',13,'2016-01-07','2017-01-07','Catherin Valencia',NULL),('16.22',13,'2016-01-28','2017-01-28','Cobalto',NULL),('16.22',13,'2017-01-19','2018-01-19','Cobalto',NULL),('16.22',14,'2016-01-09','2017-01-09','Catherin Valencia',NULL),('16.22',14,'2016-02-01','2017-02-01','Cobalto',NULL),('16.22',14,'2017-01-24','2018-01-24','Cobalto',NULL),('16.22',15,'2016-02-01','2017-02-01','Cobalto',NULL),('16.22',15,'2017-01-24','2018-01-24','Cobalto',NULL),('16.22',16,'2016-01-19','2017-01-19','Catherin Valencia',NULL),('16.22',16,'2016-01-27','2017-01-27','Cobalto',NULL),('16.22',16,'2017-01-19','2018-01-19','Cobalto',NULL),('16.22',17,'2017-02-28','2018-02-28','Cobalto',NULL),('16.23',3,'2016-08-11','2018-08-11','Cobalto',NULL),('16.23',4,'2016-07-08','2018-07-08','Cobalto',NULL),('16.23',9,'2016-02-04','2018-02-04','Cobalto',NULL),('16.24',9,'2016-04-11','2018-04-11','Cobalto',NULL),('16.27.03',8,'2016-08-24','2018-08-24','Cobalto',NULL),('16.27.03',11,'2017-04-25','2019-04-25','Cobalto',NULL),('16.27.03',13,'2016-06-28','2018-06-28','Camila Gil',NULL),('16.27.03',13,'2016-06-30','2018-06-30','Cobalto',NULL),('16.27.03',14,'2016-01-20','2018-01-20','Catherin Valencia',NULL),('16.27.03',14,'2016-01-25','2018-01-25','Cobalto',NULL),('16.27.03',15,'2017-01-31','2019-01-31','Cobalto',NULL),('16.27.03',17,'2017-04-20','2019-04-20','Camila Gil',NULL),('16.27.03',17,'2017-05-26','2019-05-26','Cobalto',NULL),('16.29.2',8,'2017-05-15','2019-05-15','Cobalto',NULL),('16.29.2',10,'2017-02-16','2019-02-16','Cobalto',NULL),('16.29.2',12,'2016-01-08','2018-01-08','Carolina Malaver',NULL),('16.29.2',12,'2016-01-25','2018-01-25','Cobalto',NULL),('16.29.2',13,'2016-04-01','2018-04-01','Nelson Blanco',NULL),('16.29.2',13,'2016-04-19','2018-04-19','Cobalto',NULL),('16.29.2',17,'2017-04-17','2019-04-17','Nelson Blanco',NULL),('16.3',8,'2017-05-16','2019-05-16','Cobalto',NULL),('16.3',10,'2016-10-27','2018-10-27','Cobalto',NULL),('16.3',15,'2016-01-26','2018-01-26','Cobalto',NULL),('16.3',15,'2016-02-02','2018-02-02','Anderson Beltran',NULL),('16.3',17,'2017-02-20','2019-02-20','Diego Murcia',NULL),('16.3',17,'2017-02-21','2019-02-21','Cobalto',NULL),('16.37',4,'2016-02-15','2017-02-15','Cobalto',NULL),('16.37',4,'2017-02-28','2018-02-28','Cobalto',NULL),('16.37',9,'2016-04-11','2017-04-11','Cobalto',NULL),('16.37',9,'2017-03-31','2018-03-31','Cobalto',NULL),('16.38',4,'2016-02-17','2017-02-17','Cobalto',NULL),('16.38',4,'2017-02-28','2018-02-28','Cobalto',NULL),('16.38',9,'2016-04-28','2017-04-28','Cobalto',NULL),('16.38',9,'2017-03-31','2018-03-31','Cobalto',NULL),('16.39',4,'2017-03-01','2019-03-01','Cobalto',NULL),('16.39',9,'2016-04-28','2018-04-28','Cobalto',NULL),('16.4',8,'2017-05-15','2019-05-15','Cobalto',NULL),('16.40',4,'2016-12-29','2018-12-29','Cobalto',NULL),('16.40',9,'2016-04-28','2017-04-28','Cobalto',NULL),('16.40',9,'2017-03-31','2018-03-31','Cobalto',NULL),('16.41',3,'2016-02-17','2017-02-17','Cobalto',NULL),('16.41',4,'2016-02-15','2017-02-15','Cobalto',NULL),('16.41',4,'2017-02-15','2018-02-15','Cobalto',NULL),('16.41',9,'2016-02-03','2017-02-03','Cobalto',NULL),('16.41',9,'2017-01-31','2018-01-31','Cobalto',NULL),('16.42',4,'2016-02-17','2018-02-17','Cobalto',NULL),('16.42',9,'2016-02-03','2018-02-03','Cobalto',NULL),('16.43',4,'2016-02-15','2017-02-15','Cobalto',NULL),('16.43',4,'2017-02-16','2018-02-16','Cobalto',NULL),('16.43',9,'2016-02-03','2017-02-03','Cobalto',NULL),('16.43',9,'2017-01-31','2018-01-31','Cobalto',NULL),('16.44',4,'2017-05-31','2019-05-31','Cobalto',NULL),('16.45',4,'2016-08-26','2017-08-26','Cobalto',NULL),('16.45',4,'2017-07-27','2018-07-27','Cobalto',NULL),('16.45',9,'2016-04-28','2017-04-28','Cobalto',NULL),('16.45',9,'2017-04-29','2018-04-29','Cobalto',NULL),('16.46',4,'2016-08-26','2018-08-26','Cobalto',NULL),('16.46',9,'2016-05-31','2018-05-31','Cobalto',NULL),('16.47',4,'2016-02-17','2017-02-17','Cobalto',NULL),('16.47',4,'2017-02-28','2018-02-28','Cobalto',NULL),('16.47',9,'2016-05-31','2017-05-31','Cobalto',NULL),('16.47',9,'2017-05-31','2018-05-31','Cobalto',NULL),('16.48',4,'2016-02-17','2018-02-17','Cobalto',NULL),('16.48',9,'2016-02-04','2018-02-04','Cobalto',NULL),('16.49',4,'2016-07-08','2017-07-08','Cobalto',NULL),('16.49',4,'2017-06-08','2018-06-08','Cobalto',NULL),('16.49',9,'2016-05-31','2017-05-31','Cobalto',NULL),('16.49',9,'2017-05-31','2018-05-31','Cobalto',NULL),('16.5',3,'2016-06-23','2018-06-23','Cobalto',NULL),('16.5',4,'2017-04-03','2019-04-03','Cobalto',NULL),('16.5',9,'2016-02-03','2018-02-03','Cobalto',NULL),('16.51',4,'2017-02-15','2019-02-15','Cobalto',NULL),('16.56',4,'2017-02-21','2019-02-21','Cobalto',NULL),('16.56',9,'2016-07-29','2018-07-29','Cobalto',NULL),('16.59',9,'2016-10-31','2018-10-31','Cobalto',NULL),('16.59',14,'2017-03-31','2019-03-31','Maikolt Preciado',NULL),('16.59',14,'2017-05-25','2019-05-25','Cobalto',NULL),('16.59',15,'2016-05-27','2018-05-27','Cobalto',NULL),('16.61',4,'2016-07-06','2017-07-06','Cobalto',NULL),('16.61',4,'2017-06-10','2018-06-10','Cobalto',NULL),('16.61',9,'2016-02-04','2017-02-04','Cobalto',NULL),('16.61',9,'2017-01-31','2018-01-31','Cobalto',NULL),('16.66',3,'2016-06-30','2018-06-30','Cobalto',NULL),('16.66',4,'2017-04-03','2019-04-03','Cobalto',NULL),('16.66',9,'2016-07-29','2018-07-29','Cobalto',NULL),('16.68',4,'2016-04-18','2018-04-18','Cobalto',NULL),('16.69',4,'2017-02-22','2019-02-22','Cobalto',NULL),('16.69',9,'2016-07-29','2018-07-29','Cobalto',NULL),('16.7',4,'2017-02-22','2019-02-15','Cobalto',NULL),('16.71',4,'2017-04-03','2019-04-03','Cobalto',NULL),('16.73',8,'2016-02-25','2018-02-25','Cobalto',NULL),('16.73',8,'2017-05-15','2019-05-15','Cobalto',NULL),('16.73',10,'2016-04-12','2018-04-12','Cobalto',NULL),('16.73',11,'2016-04-12','2018-04-12','Cobalto',NULL),('16.73',17,'2017-02-13','2019-02-13','Cobalto',NULL),('16.75',4,'2016-07-06','2017-07-06','Cobalto',NULL),('16.75',4,'2017-07-14','2018-07-14','Cobalto',NULL),('16.75',9,'2016-09-29','2017-09-29','Cobalto',NULL),('16.75',9,'2017-08-31','2018-08-31','Cobalto',NULL),('16.76',8,'2016-04-12','2018-04-12','Nelson Blanco',NULL),('16.76',8,'2016-04-13','2018-04-13','Cobalto',NULL),('16.76',8,'2017-05-15','2019-05-15','Cobalto',NULL),('16.76',12,'2016-05-25','2018-05-25','Cobalto',NULL),('16.76',14,'2016-04-10','2018-04-10','Cobalto',NULL),('16.76',14,'2016-04-12','2018-04-12','Nelson Blanco',NULL),('16.76',14,'2017-03-29','2019-03-29','Cobalto',NULL),('16.76',15,'2016-04-10','2018-04-10','Cobalto',NULL),('16.76',15,'2016-04-12','2018-04-12','Nelson Blanco',NULL),('16.76',15,'2017-03-29','2019-03-29','Cobalto',NULL),('16.77',4,'2017-05-01','2018-05-01','Cobalto',NULL),('16.77',9,'2017-04-29','2018-04-29','Cobalto',NULL),('16.78',4,'2016-08-31','2018-08-31','Cobalto',NULL),('16.78',9,'2016-12-29','2018-12-29','Cobalto',NULL),('16.8',8,'2017-05-16','2019-05-16','Cobalto',NULL),('16.8',10,'2016-10-27','2018-10-27','Cobalto',NULL),('16.8',15,'2016-01-26','2018-01-26','Cobalto',NULL),('16.8',15,'2016-02-02','2018-02-02','Anderson Beltran',NULL),('16.8',17,'2017-02-20','2019-02-20','Diego Murcia',NULL),('16.8',17,'2017-02-22','2019-02-22','Cobalto',NULL),('16.9',8,'2017-05-16','2019-05-16','Cobalto',NULL),('16.9',10,'2016-10-27','2018-10-27','Cobalto',NULL),('16.9',15,'2016-01-26','2018-01-26','Cobalto',NULL),('16.9',15,'2016-02-02','2018-02-02','Anderson Beltran',NULL),('16.9',17,'2017-02-20','2019-02-20','Diego Murcia',NULL),('16.9',17,'2017-02-21','2019-02-21','Cobalto',NULL),('17',1,'2016-06-21','2018-06-21','Anderson Beltran',NULL),('17',2,'2016-06-21','2018-06-21','Anderson Beltran',NULL),('17',3,'2016-06-21','2018-06-21','Anderson Beltran',NULL),('17',4,'2016-06-21','2018-06-21','Anderson Beltran',NULL),('17',5,'2016-06-21','2018-06-21','Anderson Beltran',NULL),('17',6,'2016-06-21','2018-06-21','Anderson Beltran',NULL),('17',7,'2016-06-21','2018-06-21','Anderson Beltran',NULL),('17',8,'2016-06-21','2018-06-21','Anderson Beltran',NULL),('17',9,'2016-06-21','2018-06-21','Anderson Beltran',NULL),('17',10,'2016-06-21','2018-06-21','Anderson Beltran',NULL),('17',11,'2016-06-21','2018-06-21','Anderson Beltran',NULL),('17',12,'2016-06-21','2018-06-21','Anderson Beltran',NULL),('17',13,'2016-06-21','2018-06-21','Anderson Beltran',NULL),('17',14,'2016-06-21','2018-06-21','Anderson Beltran',NULL),('17',15,'2016-06-21','2018-06-21','Anderson Beltran',NULL),('17',16,'2016-06-21','2018-06-21','Anderson Beltran',NULL),('17',23,'2016-06-21','2018-06-21','Anderson Beltran',NULL),('18',1,'2016-06-29','2018-06-29','Nelson Blanco',NULL),('18',2,'2016-06-29','2018-06-29','Nelson Blanco',NULL),('18',3,'2016-06-29','2018-06-29','Nelson Blanco',NULL),('18',4,'2016-06-29','2018-06-29','Nelson Blanco',NULL),('18',5,'2016-06-29','2018-06-29','Nelson Blanco',NULL),('18',6,'2016-06-29','2018-06-29','Nelson Blanco',NULL),('18',7,'2016-06-29','2018-06-29','Nelson Blanco',NULL),('18',8,'2016-06-29','2018-06-29','Nelson Blanco',NULL),('18',9,'2016-06-29','2018-06-29','Nelson Blanco',NULL),('18',10,'2016-06-29','2018-06-29','Nelson Blanco',NULL),('18',11,'2016-06-29','2018-06-29','Nelson Blanco',NULL),('18',12,'2016-06-29','2018-06-29','Nelson Blanco',NULL),('18',13,'2016-06-29','2018-06-29','Nelson Blanco',NULL),('18',14,'2016-06-29','2018-06-29','Nelson Blanco',NULL),('18',15,'2016-06-29','2018-06-29','Nelson Blanco',NULL),('18',16,'2016-06-29','2018-06-29','Nelson Blanco',NULL),('18',23,'2016-06-29','2018-06-29','Nelson Blanco',NULL),('19',1,'2016-10-26','2018-10-26','Laura Rojas',NULL),('19',2,'2016-10-26','2018-10-26','Laura Rojas',NULL),('19',3,'2016-10-26','2018-10-26','Laura Rojas',NULL),('19',4,'2016-10-26','2018-10-26','Laura Rojas',NULL),('19',5,'2016-10-26','2018-10-26','Laura Rojas',NULL),('19',6,'2016-10-26','2018-10-26','Laura Rojas',NULL),('19',7,'2016-10-26','2018-10-26','Laura Rojas',NULL),('19',8,'2016-10-26','2018-10-26','Laura Rojas',NULL),('19',9,'2016-10-26','2018-10-26','Laura Rojas',NULL),('19',10,'2016-10-26','2018-10-26','Laura Rojas',NULL),('19',11,'2016-10-26','2018-10-26','Laura Rojas',NULL),('19',12,'2016-10-26','2018-10-26','Laura Rojas',NULL),('19',13,'2016-10-26','2018-10-26','Laura Rojas',NULL),('19',14,'2016-10-26','2018-10-26','Laura Rojas',NULL),('19',15,'2016-10-26','2018-10-26','Laura Rojas',NULL),('19',16,'2016-10-26','2018-10-26','Laura Rojas',NULL),('19',23,'2016-10-26','2018-10-26','Laura Rojas',NULL),('21',1,'2016-11-07','2018-11-07','Diego Murcia',NULL),('21',2,'2016-11-07','2018-11-07','Diego Murcia',NULL),('21',3,'2016-11-07','2018-11-07','Diego Murcia',NULL),('21',4,'2016-11-07','2018-11-07','Diego Murcia',NULL),('21',5,'2016-11-07','2018-11-07','Diego Murcia',NULL),('21',6,'2016-11-07','2018-11-07','Diego Murcia',NULL),('21',7,'2016-11-07','2018-11-07','Diego Murcia',NULL),('21',8,'2016-11-07','2018-11-07','Diego Murcia',NULL),('21',9,'2016-11-07','2018-11-07','Diego Murcia',NULL),('21',10,'2016-11-07','2018-11-07','Diego Murcia',NULL),('21',11,'2016-11-07','2018-11-07','Diego Murcia',NULL),('21',12,'2016-11-07','2018-11-07','Diego Murcia',NULL),('21',13,'2016-11-07','2018-11-07','Diego Murcia',NULL),('21',14,'2016-11-07','2018-11-07','Diego Murcia',NULL),('21',15,'2016-11-07','2018-11-07','Diego Murcia',NULL),('21',16,'2016-11-07','2018-11-07','Diego Murcia',NULL),('21',23,'2016-11-07','2018-11-07','Diego Murcia',NULL),('23',1,'2016-04-15','2018-04-15','Carlos Urruchurto',NULL),('23',2,'2016-04-15','2018-04-15','Carlos Urruchurto',NULL),('23',3,'2016-04-15','2018-04-15','Carlos Urruchurto',NULL),('23',4,'2016-04-15','2018-04-15','Carlos Urruchurto',NULL),('23',5,'2016-04-15','2018-04-15','Carlos Urruchurto',NULL),('23',6,'2016-04-15','2018-04-15','Carlos Urruchurto',NULL),('23',7,'2016-04-15','2018-04-15','Carlos Urruchurto',NULL),('23',8,'2016-04-15','2018-04-15','Carlos Urruchurto',NULL),('23',9,'2016-04-15','2018-04-15','Carlos Urruchurto',NULL),('23',10,'2016-04-15','2018-04-15','Carlos Urruchurto',NULL),('23',11,'2016-04-15','2018-04-15','Carlos Urruchurto',NULL),('23',12,'2016-04-15','2018-04-15','Carlos Urruchurto',NULL),('23',13,'2016-04-15','2018-04-15','Carlos Urruchurto',NULL),('23',14,'2016-04-15','2018-04-15','Carlos Urruchurto',NULL),('23',15,'2016-04-15','2018-04-15','Carlos Urruchurto',NULL),('23',16,'2016-04-15','2018-04-15','Carlos Urruchurto',NULL),('23',23,'2016-04-15','2018-04-15','Carlos Urruchurto',NULL),('25',1,'2016-10-06','2018-10-06','Carlos Sandoval',NULL),('25',2,'2016-10-06','2018-10-06','Carlos Sandoval',NULL),('25',3,'2016-10-06','2018-10-06','Carlos Sandoval',NULL),('25',4,'2016-10-06','2018-10-06','Carlos Sandoval',NULL),('25',5,'2016-10-06','2018-10-06','Carlos Sandoval',NULL),('25',6,'2016-10-06','2018-10-06','Carlos Sandoval',NULL),('25',7,'2016-10-06','2018-10-06','Carlos Sandoval',NULL),('25',8,'2016-10-06','2018-10-06','Carlos Sandoval',NULL),('25',9,'2016-10-06','2018-10-06','Carlos Sandoval',NULL),('25',10,'2016-10-06','2018-10-06','Carlos Sandoval',NULL),('25',11,'2016-10-06','2018-10-06','Carlos Sandoval',NULL),('25',12,'2016-10-06','2018-10-06','Carlos Sandoval',NULL),('25',13,'2016-10-06','2018-10-06','Carlos Sandoval',NULL),('25',14,'2016-10-06','2018-10-06','Carlos Sandoval',NULL),('25',15,'2016-10-06','2018-10-06','Carlos Sandoval',NULL),('25',16,'2016-10-06','2018-10-06','Carlos Sandoval',NULL),('25',23,'2016-10-06','2018-10-06','Carlos Sandoval',NULL),('26',1,'2016-07-28','2018-07-28','Ariel Rodriguez',NULL),('26',2,'2016-07-28','2018-07-28','Ariel Rodriguez',NULL),('26',3,'2016-07-28','2018-07-28','Ariel Rodriguez',NULL),('26',4,'2016-07-28','2018-07-28','Ariel Rodriguez',NULL),('26',5,'2016-07-28','2018-07-28','Ariel Rodriguez',NULL),('26',6,'2016-07-28','2018-07-28','Ariel Rodriguez',NULL),('26',7,'2016-07-28','2018-07-28','Ariel Rodriguez',NULL),('26',8,'2016-07-28','2018-07-28','Ariel Rodriguez',NULL),('26',9,'2016-07-28','2018-07-28','Ariel Rodriguez',NULL),('26',10,'2016-07-28','2018-07-28','Ariel Rodriguez',NULL),('26',11,'2016-07-28','2018-07-28','Ariel Rodriguez',NULL),('26',12,'2016-07-28','2018-07-28','Ariel Rodriguez',NULL),('26',13,'2016-07-28','2018-07-28','Ariel Rodriguez',NULL),('26',14,'2016-07-28','2018-07-28','Ariel Rodriguez',NULL),('26',15,'2016-07-28','2018-07-28','Ariel Rodriguez',NULL),('26',16,'2016-07-28','2018-07-28','Ariel Rodriguez',NULL),('26',23,'2016-07-28','2018-07-28','Ariel Rodriguez',NULL),('27',1,'2016-07-28','2018-07-28','Carlos Urruchurto',NULL),('27',2,'2016-07-28','2018-07-28','Carlos Urruchurto',NULL),('27',3,'2016-07-28','2018-07-28','Carlos Urruchurto',NULL),('27',4,'2016-07-28','2018-07-28','Carlos Urruchurto',NULL),('27',5,'2016-07-28','2018-07-28','Carlos Urruchurto',NULL),('27',6,'2016-07-28','2018-07-28','Carlos Urruchurto',NULL),('27',7,'2016-07-28','2018-07-28','Carlos Urruchurto',NULL),('27',8,'2016-07-28','2018-07-28','Carlos Urruchurto',NULL),('27',9,'2016-07-28','2018-07-28','Carlos Urruchurto',NULL),('27',10,'2016-07-28','2018-07-28','Carlos Urruchurto',NULL),('27',11,'2016-07-28','2018-07-28','Carlos Urruchurto',NULL),('27',12,'2016-07-28','2018-07-28','Carlos Urruchurto',NULL),('27',13,'2016-07-28','2018-07-28','Carlos Urruchurto',NULL),('27',14,'2016-07-28','2018-07-28','Carlos Urruchurto',NULL),('27',15,'2016-07-28','2018-07-28','Carlos Urruchurto',NULL),('27',16,'2016-07-28','2018-07-28','Carlos Urruchurto',NULL),('27',23,'2016-07-28','2018-07-28','Carlos Urruchurto',NULL),('28',1,'2016-08-19','2018-08-19','John Valbuena',NULL),('28',2,'2016-08-19','2018-08-19','John Valbuena',NULL),('28',3,'2016-08-19','2018-08-19','John Valbuena',NULL),('28',4,'2016-08-19','2018-08-19','John Valbuena',NULL),('28',5,'2016-08-19','2018-08-19','John Valbuena',NULL),('28',6,'2016-08-19','2018-08-19','John Valbuena',NULL),('28',7,'2016-08-19','2018-08-19','John Valbuena',NULL),('28',8,'2016-08-19','2018-08-19','John Valbuena',NULL),('28',9,'2016-08-19','2018-08-19','John Valbuena',NULL),('28',10,'2016-08-19','2018-08-19','John Valbuena',NULL),('28',11,'2016-08-19','2018-08-19','John Valbuena',NULL),('28',12,'2016-08-19','2018-08-19','John Valbuena',NULL),('28',13,'2016-08-19','2018-08-19','John Valbuena',NULL),('28',14,'2016-08-19','2018-08-19','John Valbuena',NULL),('28',15,'2016-08-19','2018-08-19','John Valbuena',NULL),('28',16,'2016-08-19','2018-08-19','John Valbuena',NULL),('28',23,'2016-08-19','2018-08-19','John Valbuena',NULL),('29',1,'2016-08-19','2018-08-19','Maikolt Preciado',NULL),('29',2,'2016-08-19','2018-08-19','Maikolt Preciado',NULL),('29',3,'2016-08-19','2018-08-19','Maikolt Preciado',NULL),('29',4,'2016-08-19','2018-08-19','Maikolt Preciado',NULL),('29',5,'2016-08-19','2018-08-19','Maikolt Preciado',NULL),('29',6,'2016-08-19','2018-08-19','Maikolt Preciado',NULL),('29',7,'2016-08-19','2018-08-19','Maikolt Preciado',NULL),('29',8,'2016-08-19','2018-08-19','Maikolt Preciado',NULL),('29',9,'2016-08-19','2018-08-19','Maikolt Preciado',NULL),('29',10,'2016-08-19','2018-08-19','Maikolt Preciado',NULL),('29',11,'2016-08-19','2018-08-19','Maikolt Preciado',NULL),('29',12,'2016-08-19','2018-08-19','Maikolt Preciado',NULL),('29',13,'2016-08-19','2018-08-19','Maikolt Preciado',NULL),('29',14,'2016-08-19','2018-08-19','Maikolt Preciado',NULL),('29',15,'2016-08-19','2018-08-19','Maikolt Preciado',NULL),('29',16,'2016-08-19','2018-08-19','Maikolt Preciado',NULL),('29',23,'2016-08-19','2018-08-19','Maikolt Preciado',NULL),('30',1,'2016-08-19','2018-08-19','Diego Martinez',NULL),('30',2,'2016-08-19','2018-08-19','Diego Martinez',NULL),('30',3,'2016-08-19','2018-08-19','Diego Martinez',NULL),('30',4,'2016-08-19','2018-08-19','Diego Martinez',NULL),('30',5,'2016-08-19','2018-08-19','Diego Martinez',NULL),('30',6,'2016-08-19','2018-08-19','Diego Martinez',NULL),('30',7,'2016-08-19','2018-08-19','Diego Martinez',NULL),('30',8,'2016-08-19','2018-08-19','Diego Martinez',NULL),('30',9,'2016-08-19','2018-08-19','Diego Martinez',NULL),('30',10,'2016-08-19','2018-08-19','Diego Martinez',NULL),('30',11,'2016-08-19','2018-08-19','Diego Martinez',NULL),('30',12,'2016-08-19','2018-08-19','Diego Martinez',NULL),('30',13,'2016-08-19','2018-08-19','Diego Martinez',NULL),('30',14,'2016-08-19','2018-08-19','Diego Martinez',NULL),('30',15,'2016-08-19','2018-08-19','Diego Martinez',NULL),('30',16,'2016-08-19','2018-08-19','Diego Martinez',NULL),('30',23,'2016-08-19','2018-08-19','Diego Martinez',NULL),('31',1,'2016-07-14','2018-07-14','Carlos Sandoval',NULL),('31',2,'2016-07-14','2018-07-14','Carlos Sandoval',NULL),('31',3,'2016-07-14','2018-07-14','Carlos Sandoval',NULL),('31',4,'2016-07-14','2018-07-14','Carlos Sandoval',NULL),('31',5,'2016-07-14','2018-07-14','Carlos Sandoval',NULL),('31',6,'2016-07-14','2018-07-14','Carlos Sandoval',NULL),('31',7,'2016-07-14','2018-07-14','Carlos Sandoval',NULL),('31',8,'2016-07-14','2018-07-14','Carlos Sandoval',NULL),('31',9,'2016-07-14','2018-07-14','Carlos Sandoval',NULL),('31',10,'2016-07-14','2018-07-14','Carlos Sandoval',NULL),('31',11,'2016-07-14','2018-07-14','Carlos Sandoval',NULL),('31',12,'2016-07-14','2018-07-14','Carlos Sandoval',NULL),('31',13,'2016-07-14','2018-07-14','Carlos Sandoval',NULL),('31',14,'2016-07-14','2018-07-14','Carlos Sandoval',NULL),('31',15,'2016-07-14','2018-07-14','Carlos Sandoval',NULL),('31',16,'2016-07-14','2018-07-14','Carlos Sandoval',NULL),('31',23,'2016-07-14','2018-07-14','Carlos Sandoval',NULL),('32',1,'2016-11-10','2018-11-10','Laura Rojas',NULL),('32',2,'2016-11-10','2018-11-10','Laura Rojas',NULL),('32',3,'2016-11-10','2018-11-10','Laura Rojas',NULL),('32',4,'2016-11-10','2018-11-10','Laura Rojas',NULL),('32',5,'2016-11-10','2018-11-10','Laura Rojas',NULL),('32',6,'2016-11-10','2018-11-10','Laura Rojas',NULL),('32',7,'2016-11-10','2018-11-10','Laura Rojas',NULL),('32',8,'2016-11-10','2018-11-10','Laura Rojas',NULL),('32',9,'2016-11-10','2018-11-10','Laura Rojas',NULL),('32',10,'2016-11-10','2018-11-10','Laura Rojas',NULL),('32',11,'2016-11-10','2018-11-10','Laura Rojas',NULL),('32',12,'2016-11-10','2018-11-10','Laura Rojas',NULL),('32',13,'2016-11-10','2018-11-10','Laura Rojas',NULL),('32',14,'2016-11-10','2018-11-10','Laura Rojas',NULL),('32',15,'2016-11-10','2018-11-10','Laura Rojas',NULL),('32',16,'2016-11-10','2018-11-10','Laura Rojas',NULL),('32',18,'2016-11-10','2018-11-10','Laura Rojas',NULL),('32',19,'2016-11-10','2018-11-10','Laura Rojas',NULL),('32',20,'2016-11-10','2018-11-10','Laura Rojas',NULL),('32',21,'2016-11-10','2018-11-10','Laura Rojas',NULL),('32',22,'2016-11-10','2018-11-10','Laura Rojas',NULL),('32',23,'2016-11-10','2018-11-10','Laura Rojas',NULL),('33',1,'2016-11-22','2018-11-22','Diego Martinez',NULL),('33',2,'2016-11-22','2018-11-22','Diego Martinez',NULL),('33',3,'2016-11-22','2018-11-22','Diego Martinez',NULL),('33',4,'2016-11-22','2018-11-22','Diego Martinez',NULL),('33',5,'2016-11-22','2018-11-22','Diego Martinez',NULL),('33',6,'2016-11-22','2018-11-22','Diego Martinez',NULL),('33',7,'2016-11-22','2018-11-22','Diego Martinez',NULL),('33',8,'2016-11-22','2018-11-22','Diego Martinez',NULL),('33',9,'2016-11-22','2018-11-22','Diego Martinez',NULL),('33',10,'2016-11-22','2018-11-22','Diego Martinez',NULL),('33',11,'2016-11-22','2018-11-22','Diego Martinez',NULL),('33',12,'2016-11-22','2018-11-22','Diego Martinez',NULL),('33',13,'2016-11-22','2018-11-22','Diego Martinez',NULL),('33',14,'2016-11-22','2018-11-22','Diego Martinez',NULL),('33',15,'2016-11-22','2018-11-22','Diego Martinez',NULL),('33',16,'2016-11-22','2018-11-22','Diego Martinez',NULL),('33',23,'2016-11-22','2018-11-22','Diego Martinez',NULL),('34',1,'2016-10-27','2018-10-27','Laura Rojas',NULL),('34',2,'2016-10-27','2018-10-27','Laura Rojas',NULL),('34',3,'2016-10-27','2018-10-27','Laura Rojas',NULL),('34',4,'2016-10-27','2018-10-27','Laura Rojas',NULL),('34',5,'2016-10-27','2018-10-27','Laura Rojas',NULL),('34',6,'2016-10-27','2018-10-27','Laura Rojas',NULL),('34',7,'2016-10-27','2018-10-27','Laura Rojas',NULL),('34',8,'2016-10-27','2018-10-27','Laura Rojas',NULL),('34',9,'2016-10-27','2018-10-27','Laura Rojas',NULL),('34',10,'2016-10-27','2018-10-27','Laura Rojas',NULL),('34',11,'2016-10-27','2018-10-27','Laura Rojas',NULL),('34',12,'2016-10-27','2018-10-27','Laura Rojas',NULL),('34',13,'2016-10-27','2018-10-27','Laura Rojas',NULL),('34',14,'2016-10-27','2018-10-27','Laura Rojas',NULL),('34',15,'2016-10-27','2018-10-27','Laura Rojas',NULL),('34',16,'2016-10-27','2018-10-27','Laura Rojas',NULL),('35',1,'2016-10-27','2018-10-27','Laura Rojas',NULL),('35',2,'2016-10-27','2018-10-27','Laura Rojas',NULL),('35',3,'2016-10-27','2018-10-27','Laura Rojas',NULL),('35',4,'2016-10-27','2018-10-27','Laura Rojas',NULL),('35',5,'2016-10-27','2018-10-27','Laura Rojas',NULL),('35',6,'2016-10-27','2018-10-27','Laura Rojas',NULL),('35',7,'2016-10-27','2018-10-27','Laura Rojas',NULL),('35',8,'2016-10-27','2018-10-27','Laura Rojas',NULL),('35',9,'2016-10-27','2018-10-27','Laura Rojas',NULL),('35',10,'2016-10-27','2018-10-27','Laura Rojas',NULL),('35',11,'2016-10-27','2018-10-27','Laura Rojas',NULL),('35',12,'2016-10-27','2018-10-27','Laura Rojas',NULL),('35',13,'2016-10-27','2018-10-27','Laura Rojas',NULL),('35',14,'2016-10-27','2018-10-27','Laura Rojas',NULL),('35',15,'2016-10-27','2018-10-27','Laura Rojas',NULL),('35',16,'2016-10-27','2018-10-27','Laura Rojas',NULL),('35',23,'2016-10-27','2018-10-27','Laura Rojas',NULL),('36',1,'2016-11-10','2018-10-11','Maikolt Preciado',NULL),('36',2,'2016-11-10','2018-10-11','Maikolt Preciado',NULL),('36',3,'2016-11-10','2018-10-11','Maikolt Preciado',NULL),('36',4,'2016-11-10','2018-10-11','Maikolt Preciado',NULL),('36',5,'2016-11-10','2018-10-11','Maikolt Preciado',NULL),('36',6,'2016-11-10','2018-10-11','Maikolt Preciado',NULL),('36',7,'2016-11-10','2018-10-11','Maikolt Preciado',NULL),('36',8,'2016-11-10','2018-10-11','Maikolt Preciado',NULL),('36',9,'2016-11-10','2018-10-11','Maikolt Preciado',NULL),('36',10,'2016-11-10','2018-10-11','Maikolt Preciado',NULL),('36',11,'2016-11-10','2018-10-11','Maikolt Preciado',NULL),('36',12,'2016-11-10','2018-10-11','Maikolt Preciado',NULL),('36',13,'2016-11-10','2018-10-11','Maikolt Preciado',NULL),('36',14,'2016-11-10','2018-10-11','Maikolt Preciado',NULL),('36',15,'2016-11-10','2018-10-11','Maikolt Preciado',NULL),('36',16,'2016-11-10','2018-10-11','Maikolt Preciado',NULL),('36',23,'2016-11-10','2018-10-11','Maikolt Preciado',NULL),('37',1,'2016-10-31','2018-10-31','John Valbuena',NULL),('37',2,'2016-10-31','2018-10-31','John Valbuena',NULL),('37',3,'2016-10-31','2018-10-31','John Valbuena',NULL),('37',4,'2016-10-31','2018-10-31','John Valbuena',NULL),('37',5,'2016-10-31','2018-10-31','John Valbuena',NULL),('37',6,'2016-10-31','2018-10-31','John Valbuena',NULL),('37',7,'2016-10-31','2018-10-31','John Valbuena',NULL),('37',8,'2016-10-31','2018-10-31','John Valbuena',NULL),('37',9,'2016-10-31','2018-10-31','John Valbuena',NULL),('37',10,'2016-10-31','2018-10-31','John Valbuena',NULL),('37',11,'2016-10-31','2018-10-31','John Valbuena',NULL),('37',12,'2016-10-31','2018-10-31','John Valbuena',NULL),('37',13,'2016-10-31','2018-10-31','John Valbuena',NULL),('37',14,'2016-10-31','2018-10-31','John Valbuena',NULL),('37',15,'2016-10-31','2018-10-31','John Valbuena',NULL),('37',16,'2016-10-31','2018-10-31','John Valbuena',NULL),('37',23,'2016-10-31','2018-10-31','John Valbuena',NULL),('40',1,'2016-10-31','2018-10-31','Camila Gil',NULL),('40',2,'2016-10-31','2018-10-31','Camila Gil',NULL),('40',3,'2016-10-31','2018-10-31','Camila Gil',NULL),('40',4,'2016-10-31','2018-10-31','Camila Gil',NULL),('40',5,'2016-10-31','2018-10-31','Camila Gil',NULL),('40',6,'2016-10-31','2018-10-31','Camila Gil',NULL),('40',7,'2016-10-31','2018-10-31','Camila Gil',NULL),('40',8,'2016-10-31','2018-10-31','Camila Gil',NULL),('40',9,'2016-10-31','2018-10-31','Camila Gil',NULL),('40',10,'2016-10-31','2018-10-31','Camila Gil',NULL),('40',11,'2016-10-31','2018-10-31','Camila Gil',NULL),('40',12,'2016-10-31','2018-10-31','Camila Gil',NULL),('40',13,'2016-10-31','2018-10-31','Camila Gil',NULL),('40',14,'2016-10-31','2018-10-31','Camila Gil',NULL),('40',15,'2016-10-31','2018-10-31','Camila Gil',NULL),('40',16,'2016-10-31','2018-10-31','Camila Gil',NULL),('40',23,'2016-10-31','2018-10-31','Camila Gil',NULL),('41',1,'2016-10-12','2018-10-12','Nelgon G. Castro',NULL),('41',2,'2016-10-12','2018-10-12','Nelgon G. Castro',NULL),('41',3,'2016-10-12','2018-10-12','Nelgon G. Castro',NULL),('41',4,'2016-10-12','2018-10-12','Nelgon G. Castro',NULL),('41',5,'2016-10-12','2018-10-12','Nelgon G. Castro',NULL),('41',6,'2016-10-12','2018-10-12','Nelgon G. Castro',NULL),('41',7,'2016-10-12','2018-10-12','Nelgon G. Castro',NULL),('41',8,'2016-10-12','2018-10-12','Nelgon G. Castro',NULL),('41',9,'2016-10-12','2018-10-12','Nelgon G. Castro',NULL),('41',10,'2016-10-12','2018-10-12','Nelgon G. Castro',NULL),('41',11,'2016-10-12','2018-10-12','Nelgon G. Castro',NULL),('41',12,'2016-10-12','2018-10-12','Nelgon G. Castro',NULL),('41',13,'2016-10-12','2018-10-12','Nelgon G. Castro',NULL),('41',14,'2016-10-12','2018-10-12','Nelgon G. Castro',NULL),('41',15,'2016-10-12','2018-10-12','Nelgon G. Castro',NULL),('41',16,'2016-10-12','2018-10-12','Nelgon G. Castro',NULL),('41',23,'2016-10-12','2018-10-12','Nelgon G. Castro',NULL),('E29',1,'2017-03-31','2018-03-31','Andres Santos',NULL),('E29',2,'2017-03-31','2018-03-31','Andres Santos',NULL),('E29',3,'2017-03-31','2018-03-31','Andres Santos',NULL),('E29',4,'2017-03-31','2018-03-31','Andres Santos',NULL),('E29',5,'2017-03-31','2018-03-31','Andres Santos',NULL),('E29',6,'2017-03-31','2018-03-31','Andres Santos',NULL),('E29',7,'2017-03-31','2018-03-31','Andres Santos',NULL),('E29',8,'2017-03-31','2018-03-31','Andres Santos',NULL),('E29',9,'2017-03-31','2018-03-31','Andres Santos',NULL),('E29',10,'2017-03-31','2018-03-31','Andres Santos',NULL),('E29',11,'2017-03-31','2018-03-31','Andres Santos',NULL),('E29',12,'2017-03-31','2018-03-31','Andres Santos',NULL),('E29',13,'2017-03-31','2018-03-31','Andres Santos',NULL),('E29',14,'2017-03-31','2018-03-31','Andres Santos',NULL),('E29',15,'2017-03-31','2018-03-31','Andres Santos',NULL),('E29',16,'2017-03-31','2018-03-31','Andres Santos',NULL),('E29',23,'2017-03-31','2018-03-31','Andres Santos',NULL),('SSA-01',1,'2016-01-28','2019-01-28','Augusto Serrano (Control Total)',NULL),('SSA-01',2,'2016-01-28','2019-01-28','Augusto Serrano (Control Total)',NULL),('SSA-01',3,'2016-01-28','2019-01-28','Augusto Serrano (Control Total)',NULL),('SSA-01',4,'2016-01-28','2019-01-28','Augusto Serrano (Control Total)',NULL),('SSA-01',6,'2016-01-28','2019-01-28','Augusto Serrano (Control Total)',NULL),('SSA-01',7,'2016-01-28','2019-01-28','Augusto Serrano (Control Total)',NULL),('SSA-01',8,'2016-01-28','2019-01-28','Augusto Serrano (Control Total)',NULL),('SSA-01',9,'2016-01-28','2019-01-28','Augusto Serrano (Control Total)',NULL),('SSA-01',10,'2016-01-28','2019-01-28','Augusto Serrano (Control Total)',NULL),('SSA-01',11,'2016-01-28','2019-01-28','Augusto Serrano (Control Total)',NULL),('SSA-01',12,'2016-01-28','2019-01-28','Augusto Serrano (Control Total)',NULL),('SSA-01',13,'2016-01-28','2019-01-28','Augusto Serrano (Control Total)',NULL),('SSA-01',14,'2016-01-28','2019-01-28','Augusto Serrano (Control Total)',NULL),('SSA-01',15,'2016-01-28','2019-01-28','Augusto Serrano (Control Total)',NULL),('SSA-01',16,'2016-01-28','2019-01-28','Augusto Serrano (Control Total)',NULL),('SSA-01',17,'2017-01-19','2020-01-19','Bayron Alvarez',NULL),('SSA-01',18,'2016-01-28','2019-01-28','Augusto Serrano (Control Total)',NULL),('SSA-01',19,'2016-01-28','2019-01-28','Augusto Serrano (Control Total)',NULL),('SSA-01',20,'2016-01-28','2019-01-28','Augusto Serrano (Control Total)',NULL),('SSA-01',21,'2016-01-28','2019-01-28','Augusto Serrano (Control Total)',NULL),('SSA-01',22,'2016-01-28','2019-01-28','Augusto Serrano (Control Total)',NULL),('SSA-01',23,'2016-01-28','2019-01-28','Augusto Serrano (Control Total)',NULL),('SSA-01',25,'2016-01-28','2019-01-28','Augusto Serrano (Control Total)',NULL),('SSA-01',26,'2016-01-28','2019-01-28','Augusto Serrano (Control Total)',NULL),('SSA-01',27,'2016-01-28','2019-01-28','Augusto Serrano (Control Total)',NULL),('SSA-01',28,'2016-01-28','2019-01-28','Augusto Serrano (Control Total)',NULL),('SSA-04',8,'2016-01-18','2018-01-18','Anderson Beltran',NULL),('SSA-04',8,'2016-02-01','2018-02-01','Anderson Beltran',NULL),('SSA-04',8,'2017-04-12','2019-04-12','Jorge Piña - Hernan Andrade',NULL),('SSA-04',18,'2016-02-01','2018-02-01','Anderson Beltran',NULL),('SSA-04',19,'2016-02-01','2018-02-01','Anderson Beltran',NULL),('SSA-04',20,'2016-02-01','2018-02-01','Anderson Beltran',NULL),('SSA-04',21,'2016-02-01','2018-02-01','Anderson Beltran',NULL),('SSA-04',22,'2016-03-01','2018-03-01','Marysol Ballesteros (A&M)',NULL),('SSA-04',23,'2016-05-10','2018-05-10','Bayron Alvarez',NULL),('SSA-04',24,'2016-08-09','2018-08-09','Anderson Beltran',NULL),('SSA-04',24,'2016-12-22','2018-12-22','Jose Valdez',NULL),('SSA-04',26,'2016-06-17','2018-06-17','Bayron Alvarez',NULL),('SSA-04',27,'2016-05-10','2018-05-10','Bayron Alvarez',NULL),('SSA-04',28,'2016-01-18','2018-01-18','Anderson Beltran',NULL),('SSA-04',29,'2016-03-01','2018-03-01','Marysol Ballesteros (A&M)',NULL),('SSA-04',30,'2016-04-07','2018-04-07','Anderson Beltran',NULL),('SSA-04',30,'2016-05-10','2018-05-10','Bayron Alvarez',NULL),('SSA-04',31,'2016-04-07','2018-04-07','Anderson Beltran',NULL),('SSA-04',32,'2016-04-08','2018-04-08','Anderson Beltran',NULL),('SSA-04',33,'2016-04-08','2018-04-08','Bayron Alvarez',NULL),('SSA-04',34,'2016-04-08','2018-04-08','Bayron Alvarez',NULL),('SSA-04',35,'2016-04-12','2018-04-12','Bayron Alvarez',NULL),('SSA-04',36,'2016-05-10','2018-05-10','Bayron Alvarez',NULL),('SSA-04',37,'2016-05-10','2018-05-10','Bayron Alvarez',NULL),('SSA-04',38,'2016-05-10','2018-05-10','Bayron Alvarez',NULL),('SSA-04',39,'2016-05-10','2018-05-10','Bayron Alvarez',NULL),('SSA-04',40,'2016-05-10','2018-05-10','Bayron Alvarez',NULL),('SSA-04',41,'2016-05-12','2018-05-12','Bayron Alvarez',NULL),('SSA-04',42,'2016-06-17','2018-06-17','Bayron Alvarez',NULL),('SSA-04',43,'2016-07-01','2018-07-01','Anderson Beltran',NULL),('SSA-04',44,'2016-07-25','2018-07-25','Anderson Beltran',NULL),('SSA-04',44,'2017-06-12','2019-06-12','Anderson Beltran',NULL),('SSA-04',45,'2016-08-09','2018-08-09','Anderson Beltran',NULL),('SSA-04',46,'2016-08-12','2018-08-12','Anderson Beltran',NULL),('SSA-04',47,'2016-08-30','2018-08-30','Andrea Ballesteros',NULL),('SSA-04',48,'2016-09-02','2018-09-02','Bayron Alvarez',NULL),('SSA-04',49,'2016-09-07','2018-09-07','Anderson Beltran',NULL),('SSA-04',50,'2016-09-12','2018-09-12','Anderson Beltran',NULL),('SSA-04',51,'2016-09-26','2018-09-26','Anderson Beltran',NULL),('SSA-04',52,'2016-11-22','2018-11-22','Bayron Alvarez',NULL),('SSA-04',53,'2017-05-02','2019-05-02','John Valbuena',NULL),('SSA-06',1,'2016-08-17','2018-08-17','Bayron Alvarez',NULL),('SSA-06',2,'2016-04-22','2018-04-22','Carlos Urruchurto',NULL),('SSA-06',2,'2016-08-17','2018-08-17','Bayron Alvarez',NULL),('SSA-06',3,'2016-04-22','2018-04-22','Carlos Urruchurto',NULL),('SSA-06',3,'2016-08-17','2018-08-17','Bayron Alvarez',NULL),('SSA-06',4,'2016-04-22','2018-04-22','Carlos Urruchurto',NULL),('SSA-06',4,'2016-08-17','2018-08-17','Bayron Alvarez',NULL),('SSA-06',6,'2016-04-22','2018-04-22','Carlos Urruchurto',NULL),('SSA-06',6,'2016-08-17','2018-08-17','Bayron Alvarez',NULL),('SSA-06',7,'2016-04-22','2018-04-22','Carlos Urruchurto',NULL),('SSA-06',7,'2016-08-17','2018-08-17','Bayron Alvarez',NULL),('SSA-06',8,'2016-08-17','2018-08-17','Bayron Alvarez',NULL),('SSA-06',9,'2016-04-22','2018-04-22','Carlos Urruchurto',NULL),('SSA-06',9,'2016-08-17','2018-08-17','Bayron Alvarez',NULL),('SSA-06',10,'2016-04-22','2018-04-22','Carlos Urruchurto',NULL),('SSA-06',10,'2016-08-17','2018-08-17','Bayron Alvarez',NULL),('SSA-06',11,'2016-04-22','2018-04-22','Carlos Urruchurto',NULL),('SSA-06',11,'2016-08-17','2018-08-17','Bayron Alvarez',NULL),('SSA-06',12,'2016-04-22','2018-04-22','Carlos Urruchurto',NULL),('SSA-06',12,'2016-08-17','2018-08-17','Bayron Alvarez',NULL),('SSA-06',13,'2016-04-22','2018-04-22','Carlos Urruchurto',NULL),('SSA-06',13,'2016-08-17','2018-08-17','Bayron Alvarez',NULL),('SSA-06',14,'2016-04-22','2018-04-22','Carlos Urruchurto',NULL),('SSA-06',14,'2016-08-17','2018-08-17','Bayron Alvarez',NULL),('SSA-06',15,'2016-04-22','2018-04-22','Carlos Urruchurto',NULL),('SSA-06',15,'2016-08-17','2018-08-17','Bayron Alvarez',NULL),('SSA-06',16,'2016-04-22','2018-04-22','Carlos Urruchurto',NULL),('SSA-06',16,'2016-08-17','2018-08-17','Bayron Alvarez',NULL),('SSA-06',18,'2016-04-22','2018-04-22','Carlos Urruchurto',NULL),('SSA-06',20,'2016-04-22','2018-04-22','Carlos Urruchurto',NULL),('SSA-06',21,'2016-04-22','2018-04-22','Carlos Urruchurto',NULL),('SSA-06',24,'2016-08-17','2018-08-17','Bayron Alvarez',NULL),('SSA-07',1,'2016-03-31','2019-03-31','Bayron Alvarez',NULL),('SSA-07',2,'2016-03-31','2019-03-31','Bayron Alvarez',NULL),('SSA-07',4,'2016-03-31','2019-03-31','Bayron Alvarez',NULL),('SSA-07',6,'2016-03-31','2019-03-31','Bayron Alvarez',NULL),('SSA-07',7,'2016-03-31','2019-03-31','Bayron Alvarez',NULL),('SSA-07',8,'2016-03-31','2019-03-31','Bayron Alvarez',NULL),('SSA-07',10,'2016-03-31','2019-03-31','Bayron Alvarez',NULL),('SSA-07',12,'2016-03-31','2019-03-31','Bayron Alvarez',NULL),('SSA-07',13,'2016-03-31','2019-03-31','Bayron Alvarez',NULL),('SSA-07',14,'2016-03-31','2019-03-31','Bayron Alvarez',NULL),('SSA-07',15,'2016-03-31','2019-03-31','Bayron Alvarez',NULL),('SSA-07',16,'2016-03-31','2019-03-31','Bayron Alvarez',NULL),('SSA-07',18,'2016-03-31','2019-03-31','Bayron Alvarez',NULL),('SSA-07',19,'2016-03-31','2019-03-31','Bayron Alvarez',NULL),('SSA-07',20,'2016-03-31','2019-03-31','Bayron Alvarez',NULL),('SSA-07',21,'2016-03-31','2019-03-31','Bayron Alvarez',NULL),('SSA-07',22,'2016-03-31','2019-03-31','Bayron Alvarez',NULL),('SSA-07',24,'2016-03-31','2019-03-31','Bayron Alvarez',NULL),('SSA-10',1,'2016-02-15','2018-02-15','John Valbuena',NULL),('SSA-10',2,'2016-02-15','2018-02-15','John Valbuena',NULL),('SSA-10',3,'2016-02-15','2018-02-15','John Valbuena',NULL),('SSA-10',4,'2016-02-15','2018-02-15','John Valbuena',NULL),('SSA-10',6,'2016-02-15','2018-02-15','John Valbuena',NULL),('SSA-10',7,'2016-02-15','2018-02-15','John Valbuena',NULL),('SSA-10',8,'2016-02-15','2018-02-15','John Valbuena',NULL),('SSA-10',9,'2016-02-15','2018-02-15','John Valbuena',NULL),('SSA-10',10,'2016-02-15','2018-02-15','John Valbuena',NULL),('SSA-10',11,'2016-02-15','2018-02-15','John Valbuena',NULL),('SSA-10',12,'2016-02-15','2018-02-15','John Valbuena',NULL),('SSA-10',13,'2016-02-15','2018-02-15','John Valbuena',NULL),('SSA-10',14,'2016-02-15','2018-02-15','John Valbuena',NULL),('SSA-10',15,'2016-02-15','2018-02-15','John Valbuena',NULL),('SSA-10',16,'2016-02-15','2018-02-15','John Valbuena',NULL),('SSA-10',18,'2016-02-15','2018-02-15','John Valbuena',NULL),('SSA-10',19,'2016-02-15','2018-02-15','John Valbuena',NULL),('SSA-10',20,'2016-02-15','2018-02-15','John Valbuena',NULL),('SSA-10',21,'2016-02-15','2018-02-15','John Valbuena',NULL),('SSA-11',1,'2016-03-10','2018-03-10','Luz Angela Diaz (ARL Bolivar)',NULL),('SSA-11',2,'2016-03-10','2018-03-10','Luz Angela Diaz (ARL Bolivar)',NULL),('SSA-11',3,'2016-03-10','2018-03-10','Luz Angela Diaz (ARL Bolivar)',NULL),('SSA-11',4,'2016-03-10','2018-03-10','Luz Angela Diaz (ARL Bolivar)',NULL),('SSA-11',7,'2016-03-10','2018-03-10','Luz Angela Diaz (ARL Bolivar)',NULL),('SSA-11',8,'2016-03-10','2018-03-10','Luz Angela Diaz (ARL Bolivar)',NULL),('SSA-11',9,'2016-03-10','2018-03-10','Luz Angela Diaz (ARL Bolivar)',NULL),('SSA-11',10,'2016-03-10','2018-03-10','Luz Angela Diaz (ARL Bolivar)',NULL),('SSA-11',11,'2016-03-10','2018-03-10','Luz Angela Diaz (ARL Bolivar)',NULL),('SSA-11',12,'2016-03-10','2018-03-10','Luz Angela Diaz (ARL Bolivar)',NULL),('SSA-11',13,'2016-03-10','2018-03-10','Luz Angela Diaz (ARL Bolivar)',NULL),('SSA-11',14,'2016-03-10','2018-03-10','Luz Angela Diaz (ARL Bolivar)',NULL),('SSA-11',15,'2016-03-10','2018-03-10','Luz Angela Diaz (ARL Bolivar)',NULL),('SSA-11',16,'2016-03-10','2018-03-10','Luz Angela Diaz (ARL Bolivar)',NULL),('SSA-11',19,'2016-03-10','2018-03-10','Luz Angela Diaz (ARL Bolivar)',NULL),('SSA-11',20,'2016-03-10','2018-03-10','Luz Angela Diaz (ARL Bolivar)',NULL),('SSA-11',21,'2016-03-10','2018-03-10','Luz Angela Diaz (ARL Bolivar)',NULL),('SSA-11',22,'2016-03-10','2018-03-10','Luz Angela Diaz (ARL Bolivar)',NULL),('SSA-13',2,'2016-06-29','2018-06-29','Camila Gil',NULL),('SSA-13',3,'2016-06-29','2018-06-29','Camila Gil',NULL),('SSA-13',4,'2016-06-29','2018-06-29','Camila Gil',NULL),('SSA-13',6,'2016-06-29','2018-06-29','Camila Gil',NULL),('SSA-13',7,'2016-06-29','2018-06-29','Camila Gil',NULL),('SSA-13',8,'2016-06-29','2018-06-29','Camila Gil',NULL),('SSA-13',9,'2016-06-29','2018-06-29','Camila Gil',NULL),('SSA-13',10,'2016-06-29','2018-06-29','Camila Gil',NULL),('SSA-13',11,'2016-06-29','2018-06-29','Camila Gil',NULL),('SSA-13',12,'2016-06-29','2018-06-29','Camila Gil',NULL),('SSA-13',13,'2016-06-29','2018-06-29','Camila Gil',NULL),('SSA-13',14,'2016-06-29','2018-06-29','Camila Gil',NULL),('SSA-13',15,'2016-06-29','2018-06-29','Camila Gil',NULL),('SSA-13',16,'2016-06-29','2018-06-29','Camila Gil',NULL),('SSA-14',1,'2016-03-31','2017-03-31','Alejandra Hernandez (A&M)',NULL),('SSA-14',1,'2016-12-05','2017-12-05','Laura Rojas',NULL),('SSA-14',2,'2016-03-31','2017-03-31','Alejandra Hernandez (A&M)',NULL),('SSA-14',2,'2016-07-08','2017-07-08','Anderson Beltran - Camila Gil',NULL),('SSA-14',2,'2016-12-05','2017-12-05','Laura Rojas',NULL),('SSA-14',2,'2017-05-15','2018-05-15','Alejandra Hernandez (A&M)',NULL),('SSA-14',3,'2016-07-08','2017-07-08','Anderson Beltran - Camila Gil',NULL),('SSA-14',3,'2016-12-05','2017-12-05','Laura Rojas',NULL),('SSA-14',3,'2017-05-15','2018-05-15','Alejandra Hernandez (A&M)',NULL),('SSA-14',4,'2016-03-31','2017-03-31','Alejandra Hernandez (A&M)',NULL),('SSA-14',4,'2016-07-08','2017-07-08','Anderson Beltran - Camila Gil',NULL),('SSA-14',4,'2016-12-05','2017-12-05','Laura Rojas',NULL),('SSA-14',4,'2017-05-15','2018-05-15','Alejandra Hernandez (A&M)',NULL),('SSA-14',5,'2017-05-15','2018-05-15','Alejandra Hernandez (A&M)',NULL),('SSA-14',6,'2016-03-31','2017-03-31','Alejandra Hernandez (A&M)',NULL),('SSA-14',6,'2016-07-08','2017-07-08','Anderson Beltran - Camila Gil',NULL),('SSA-14',6,'2016-12-05','2017-12-05','Laura Rojas',NULL),('SSA-14',6,'2017-05-15','2018-05-15','Alejandra Hernandez (A&M)',NULL),('SSA-14',7,'2016-03-31','2017-03-31','Alejandra Hernandez (A&M)',NULL),('SSA-14',7,'2016-07-08','2017-07-08','Anderson Beltran - Camila Gil',NULL),('SSA-14',7,'2016-12-05','2017-12-05','Laura Rojas',NULL),('SSA-14',7,'2017-05-15','2018-05-15','Alejandra Hernandez (A&M)',NULL),('SSA-14',8,'2016-03-31','2017-03-31','Alejandra Hernandez (A&M)',NULL),('SSA-14',8,'2016-07-08','2017-07-08','Anderson Beltran - Camila Gil',NULL),('SSA-14',8,'2016-12-05','2017-12-05','Laura Rojas',NULL),('SSA-14',8,'2017-05-15','2018-05-15','Alejandra Hernandez (A&M)',NULL),('SSA-14',9,'2016-07-08','2017-07-08','Anderson Beltran - Camila Gil',NULL),('SSA-14',9,'2017-05-15','2018-05-15','Alejandra Hernandez (A&M)',NULL),('SSA-14',10,'2016-03-31','2017-03-31','Alejandra Hernandez (A&M)',NULL),('SSA-14',10,'2016-12-05','2017-12-05','Laura Rojas',NULL),('SSA-14',10,'2017-05-15','2018-05-15','Alejandra Hernandez (A&M)',NULL),('SSA-14',11,'2016-07-08','2017-07-08','Anderson Beltran - Camila Gil',NULL),('SSA-14',11,'2017-05-15','2018-05-15','Alejandra Hernandez (A&M)',NULL),('SSA-14',12,'2016-03-31','2017-03-31','Alejandra Hernandez (A&M)',NULL),('SSA-14',12,'2016-07-08','2017-07-08','Anderson Beltran - Camila Gil',NULL),('SSA-14',12,'2016-12-05','2017-12-05','Laura Rojas',NULL),('SSA-14',12,'2017-05-15','2018-05-15','Alejandra Hernandez (A&M)',NULL),('SSA-14',13,'2016-03-31','2017-03-31','Alejandra Hernandez (A&M)',NULL),('SSA-14',13,'2016-07-08','2017-07-08','Anderson Beltran - Camila Gil',NULL),('SSA-14',13,'2016-12-05','2017-12-05','Laura Rojas',NULL),('SSA-14',13,'2017-05-15','2018-05-15','Alejandra Hernandez (A&M)',NULL),('SSA-14',14,'2016-03-31','2017-03-31','Alejandra Hernandez (A&M)',NULL),('SSA-14',14,'2016-07-08','2017-07-08','Anderson Beltran - Camila Gil',NULL),('SSA-14',14,'2016-12-05','2017-12-05','Laura Rojas',NULL),('SSA-14',14,'2017-05-15','2018-05-15','Alejandra Hernandez (A&M)',NULL),('SSA-14',15,'2016-03-31','2017-03-31','Alejandra Hernandez (A&M)',NULL),('SSA-14',15,'2016-07-08','2017-07-08','Anderson Beltran - Camila Gil',NULL),('SSA-14',15,'2016-12-05','2017-12-05','Laura Rojas',NULL),('SSA-14',15,'2017-05-15','2018-05-15','Alejandra Hernandez (A&M)',NULL),('SSA-14',16,'2016-03-31','2017-03-31','Alejandra Hernandez (A&M)',NULL),('SSA-14',16,'2016-07-08','2017-07-08','Anderson Beltran - Camila Gil',NULL),('SSA-14',16,'2016-12-05','2017-12-05','Laura Rojas',NULL),('SSA-14',16,'2017-05-15','2018-05-15','Alejandra Hernandez (A&M)',NULL),('SSA-14',17,'2017-05-15','2018-05-15','Alejandra Hernandez (A&M)',NULL),('SSA-14',18,'2016-12-05','2017-12-05','Laura Rojas',NULL),('SSA-14',19,'2016-12-05','2017-12-05','Laura Rojas',NULL),('SSA-14',20,'2016-12-05','2017-12-05','Laura Rojas',NULL),('SSA-14',21,'2016-12-05','2017-12-05','Laura Rojas',NULL),('SSA-14',22,'2016-12-05','2017-12-05','Laura Rojas',NULL),('SSA-14',23,'2016-12-05','2017-12-05','Laura Rojas',NULL),('SSA-14',24,'2016-03-31','2017-03-31','Alejandra Hernandez (A&M)',NULL),('SSA-14',24,'2016-12-05','2017-12-05','Laura Rojas',NULL),('SSA-14',24,'2017-05-15','2018-05-15','Alejandra Hernandez (A&M)',NULL),('SSA-17',11,'2017-04-18','2018-04-18','John Valbuena',NULL),('SSA-17',24,'2017-04-18','2018-04-18','John Valbuena',NULL),('SSA-18',3,'2017-03-28','2020-03-28','Blanca Isabel Diaz (A&M)',NULL),('SSA-18',6,'2017-03-28','2020-03-28','Blanca Isabel Diaz (A&M)',NULL),('SSA-18',7,'2017-03-28','2020-03-28','Blanca Isabel Diaz (A&M)',NULL),('SSA-18',11,'2017-03-28','2020-03-28','Blanca Isabel Diaz (A&M)',NULL),('SSA-18',24,'2017-03-28','2020-03-28','Blanca Isabel Diaz (A&M)',NULL),('SSA-23',1,'2016-10-27','2018-10-27','Ruben Carreño (A&M)',NULL),('SSA-23',2,'2016-10-27','2018-10-27','Ruben Carreño (A&M)',NULL),('SSA-23',3,'2016-10-27','2018-10-27','Ruben Carreño (A&M)',NULL),('SSA-23',4,'2016-10-27','2018-10-27','Ruben Carreño (A&M)',NULL),('SSA-23',6,'2016-10-27','2018-10-27','Ruben Carreño (A&M)',NULL),('SSA-23',9,'2016-10-27','2018-10-27','Ruben Carreño (A&M)',NULL),('SSA-23',11,'2016-10-27','2018-10-27','Ruben Carreño (A&M)',NULL),('SSA-23',12,'2016-10-27','2018-10-27','Ruben Carreño (A&M)',NULL),('SSA-23',14,'2016-10-27','2018-10-27','Ruben Carreño (A&M)',NULL),('SSA-23',15,'2016-10-27','2018-10-27','Ruben Carreño (A&M)',NULL),('SSA-23',16,'2016-10-27','2018-10-27','Ruben Carreño (A&M)',NULL),('SSA-23',24,'2016-10-27','2018-10-27','Ruben Carreño (A&M)',NULL),('SSA-24',1,'2016-11-25','2018-11-25','Ruben Carreño (A&M)',NULL),('SSA-24',2,'2016-11-25','2018-11-25','Ruben Carreño (A&M)',NULL),('SSA-24',6,'2016-11-25','2018-11-25','Ruben Carreño (A&M)',NULL),('SSA-24',7,'2016-11-25','2018-11-25','Ruben Carreño (A&M)',NULL),('SSA-24',10,'2016-11-25','2018-11-25','Ruben Carreño (A&M)',NULL),('SSA-24',11,'2016-11-25','2018-11-25','Ruben Carreño (A&M)',NULL),('SSA-24',12,'2016-11-25','2018-11-25','Ruben Carreño (A&M)',NULL),('SSA-24',13,'2016-11-25','2018-11-25','Ruben Carreño (A&M)',NULL),('SSA-24',14,'2016-11-25','2018-11-25','Ruben Carreño (A&M)',NULL),('SSA-24',15,'2016-11-25','2018-11-25','Ruben Carreño (A&M)',NULL),('SSA-24',16,'2016-11-25','2018-11-25','Ruben Carreño (A&M)',NULL),('SSA-24',24,'2016-11-25','2018-11-25','Ruben Carreño (A&M)',NULL),('SSA-25',1,'2016-11-25','2018-11-25','Ruben Carreño (A&M)',NULL),('SSA-25',2,'2016-11-25','2018-11-25','Ruben Carreño (A&M)',NULL),('SSA-25',6,'2016-11-25','2018-11-25','Ruben Carreño (A&M)',NULL),('SSA-25',7,'2016-11-25','2018-11-25','Ruben Carreño (A&M)',NULL),('SSA-25',10,'2016-11-25','2018-11-25','Ruben Carreño (A&M)',NULL),('SSA-25',11,'2016-11-25','2018-11-25','Ruben Carreño (A&M)',NULL),('SSA-25',12,'2016-11-25','2018-11-25','Ruben Carreño (A&M)',NULL),('SSA-25',13,'2016-11-25','2018-11-25','Ruben Carreño (A&M)',NULL),('SSA-25',14,'2016-11-25','2018-11-25','Ruben Carreño (A&M)',NULL),('SSA-25',15,'2016-11-25','2018-11-25','Ruben Carreño (A&M)',NULL),('SSA-25',16,'2016-11-25','2018-11-25','Ruben Carreño (A&M)',NULL),('SSA-25',24,'2016-11-25','2018-11-25','Ruben Carreño (A&M)',NULL),('SSA-26',2,'2016-06-28','2019-06-28','Nelson G. Castro',NULL),('SSA-26',3,'2016-06-28','2019-06-28','Nelson G. Castro',NULL),('SSA-26',4,'2016-06-28','2019-06-28','Nelson G. Castro',NULL),('SSA-26',6,'2016-06-28','2019-06-28','Nelson G. Castro',NULL),('SSA-26',7,'2016-06-28','2019-06-28','Nelson G. Castro',NULL),('SSA-26',8,'2016-06-28','2019-06-28','Nelson G. Castro',NULL),('SSA-26',9,'2016-06-28','2019-06-28','Nelson G. Castro',NULL),('SSA-26',10,'2016-06-28','2019-06-28','Nelson G. Castro',NULL),('SSA-26',11,'2016-06-28','2019-06-28','Nelson G. Castro',NULL),('SSA-26',12,'2016-06-28','2019-06-28','Nelson G. Castro',NULL),('SSA-26',13,'2016-06-28','2019-06-28','Nelson G. Castro',NULL),('SSA-26',14,'2016-06-28','2019-06-28','Nelson G. Castro',NULL),('SSA-26',15,'2016-06-28','2019-06-28','Nelson G. Castro',NULL),('SSA-26',16,'2016-06-28','2019-06-28','Nelson G. Castro',NULL),('SSA-26',18,'2016-06-28','2019-06-28','Nelson G. Castro',NULL),('SSA-26',19,'2016-06-28','2019-06-28','Nelson G. Castro',NULL),('SSA-26',20,'2016-06-28','2019-06-28','Nelson G. Castro',NULL),('SSA-26',21,'2016-06-28','2019-06-28','Nelson G. Castro',NULL),('SSA-26',22,'2016-06-28','2019-06-28','Nelson G. Castro',NULL),('SSA-26',24,'2016-06-28','2019-06-28','Nelson G. Castro',NULL),('SSA-28',7,'2016-03-29','2018-03-29','John Valbuena',NULL),('SSA-28',15,'2016-03-29','2018-03-29','John Valbuena',NULL),('SSA-28',16,'2016-03-29','2018-03-29','John Valbuena',NULL),('SSA-28',17,'2017-02-28','2019-02-28','John Valbuena',NULL);
/*!40000 ALTER TABLE `rel_prueba_usuarios` ENABLE KEYS */;
UNLOCK TABLES;

--
-- Table structure for table `tipo_pruebas`
--

DROP TABLE IF EXISTS `tipo_pruebas`;
/*!40101 SET @saved_cs_client     = @@character_set_client */;
/*!40101 SET character_set_client = utf8 */;
CREATE TABLE `tipo_pruebas` (
  `TipoPruebaID` smallint(6) NOT NULL COMMENT 'ID del tipo de prueba',
  `Nombre` varchar(20) NOT NULL COMMENT 'Nombre del tipo de prueba',
  PRIMARY KEY (`TipoPruebaID`)
) ENGINE=InnoDB DEFAULT CHARSET=latin1;
/*!40101 SET character_set_client = @saved_cs_client */;

--
-- Dumping data for table `tipo_pruebas`
--

LOCK TABLES `tipo_pruebas` WRITE;
/*!40000 ALTER TABLE `tipo_pruebas` DISABLE KEYS */;
INSERT INTO `tipo_pruebas` VALUES (1,'Seguridad'),(2,'Calidad'),(3,'Seguridad/Calidad');
/*!40000 ALTER TABLE `tipo_pruebas` ENABLE KEYS */;
UNLOCK TABLES;

--
-- Table structure for table `usuarios`
--

DROP TABLE IF EXISTS `usuarios`;
/*!40101 SET @saved_cs_client     = @@character_set_client */;
/*!40101 SET character_set_client = utf8 */;
CREATE TABLE `usuarios` (
  `UsuarioID` smallint(6) NOT NULL COMMENT 'ID del usuario',
  `Nombre` varchar(40) NOT NULL COMMENT 'Nombre del usuario',
  `HashHuellaDactilar` varchar(70) NOT NULL COMMENT 'Hash generado a partir de la huella dactilar del usuario',
  `Activo` tinyint(1) NOT NULL DEFAULT '1',
  `PedirHuella` tinyint(1) NOT NULL DEFAULT '1',
  PRIMARY KEY (`UsuarioID`),
  UNIQUE KEY `HashHuellaDactilar` (`HashHuellaDactilar`)
) ENGINE=InnoDB DEFAULT CHARSET=latin1;
/*!40101 SET character_set_client = @saved_cs_client */;

--
-- Dumping data for table `usuarios`
--

LOCK TABLES `usuarios` WRITE;
/*!40000 ALTER TABLE `usuarios` DISABLE KEYS */;
INSERT INTO `usuarios` VALUES (1,'Mariano Escobar','a',1,1),(2,'Juan C. Preciado','b',1,1),(3,'Israel Olarte','c',1,1),(4,'Carlos Sandoval','d',1,1),(5,'Luis Rincon','e',1,1),(6,'Diego Martinez','f',1,1),(7,'John Valbuena','g',1,1),(8,'Anderson Beltran','h',1,1),(9,'Carlos Urruchurto','i',1,1),(10,'Bayron Alvarez','j',1,1),(11,'Maikolt Preciado','k',1,1),(12,'Nelson Blanco','l',1,1),(13,'Nelgon G. Castro','m',1,1),(14,'Camila Gil','n',1,1),(15,'Diego Murcia','o',1,1),(16,'Ariel Rodriguez','p',1,1),(17,'Andres Santos','q',1,1),(18,'Isabel Ruiz','r',1,1),(19,'Elizabeth Chaparro','s',1,1),(20,'Cenaida Martinez','t',1,1),(21,'Karen Figueredo','u',1,1),(22,'Margarita Retavizca','v',1,1),(23,'Laura Rojas','w',1,1),(24,'Alejandra Hernandez (A&M)','x',1,1),(25,'Orlando Leon','y',1,1),(26,'Manuel Carrascal','z',1,1),(27,'Teodulfo Sarmiento','aa',1,1),(28,'Daniel Buitrago','ab',1,1),(29,'Benedicto Martinez','ac',1,1),(30,'Sergio Pelaez','ad',1,1),(31,'Carlos Lopez','ae',1,1),(32,'Alejandro Sepulveda','af',1,1),(33,'Diego Rubiano','ag',1,1),(34,'Miguel Quiroz','ah',1,1),(35,'Alejandro Rutto','ai',1,1),(36,'Nelson Leon','aj',1,1),(37,'Yeisson Herrera','ak',1,1),(38,'Wilson Panches','al',1,1),(39,'Edwin Batanero','am',1,1),(40,'Daniel Medina','an',1,1),(41,'Nelson Lopez','ao',1,1),(42,'Luis Ernesto Ferro','ap',1,1),(43,'Juan Bonilla','aq',1,1),(44,'Bernardo Cardozo','ar',1,1),(45,'Valentin Vargas','as',1,1),(46,'Mario Bermes','at',1,1),(47,'Tatiana Hernandez','au',1,1),(48,'Hoower Morales','av',1,1),(49,'Hugo Carrascal','aw',1,1),(50,'Adrian Maldonado','ax',1,1),(51,'Hernan Fonseca','ay',1,1),(52,'Henry Salinas','az',1,1),(53,'Nicolas Vargas','aaa',1,1);
/*!40000 ALTER TABLE `usuarios` ENABLE KEYS */;
UNLOCK TABLES;
/*!40103 SET TIME_ZONE=@OLD_TIME_ZONE */;

/*!40101 SET SQL_MODE=@OLD_SQL_MODE */;
/*!40014 SET FOREIGN_KEY_CHECKS=@OLD_FOREIGN_KEY_CHECKS */;
/*!40014 SET UNIQUE_CHECKS=@OLD_UNIQUE_CHECKS */;
/*!40101 SET CHARACTER_SET_CLIENT=@OLD_CHARACTER_SET_CLIENT */;
/*!40101 SET CHARACTER_SET_RESULTS=@OLD_CHARACTER_SET_RESULTS */;
/*!40101 SET COLLATION_CONNECTION=@OLD_COLLATION_CONNECTION */;
/*!40111 SET SQL_NOTES=@OLD_SQL_NOTES */;

-- Dump completed on 2018-01-31  8:43:27
